-- Generated by Craft v2.6.2976 on May 3, 2017, 12:09:05 PM.

--
-- Disable foreign key checks and autocommit.
--

SET FOREIGN_KEY_CHECKS = 0;
SET SQL_MODE = "NO_AUTO_VALUE_ON_ZERO";
SET AUTOCOMMIT = 0;
SET NAMES utf8;


DROP TABLE IF EXISTS `craft_assetfiles`;


--
-- Schema for table `craft_assetfiles`
--
CREATE TABLE `craft_assetfiles` (
  `id` int(11) NOT NULL,
  `sourceId` int(11) DEFAULT NULL,
  `folderId` int(11) NOT NULL,
  `filename` varchar(255) COLLATE utf8_unicode_ci NOT NULL,
  `kind` varchar(50) COLLATE utf8_unicode_ci NOT NULL DEFAULT 'unknown',
  `width` int(11) unsigned DEFAULT NULL,
  `height` int(11) unsigned DEFAULT NULL,
  `size` bigint(20) unsigned DEFAULT NULL,
  `dateModified` datetime DEFAULT NULL,
  `dateCreated` datetime NOT NULL,
  `dateUpdated` datetime NOT NULL,
  `uid` char(36) COLLATE utf8_unicode_ci NOT NULL DEFAULT '0',
  PRIMARY KEY (`id`),
  UNIQUE KEY `craft_assetfiles_filename_folderId_unq_idx` (`filename`,`folderId`),
  KEY `craft_assetfiles_sourceId_fk` (`sourceId`),
  KEY `craft_assetfiles_folderId_fk` (`folderId`)
) ENGINE=InnoDB DEFAULT CHARSET=utf8 COLLATE=utf8_unicode_ci;

--
-- Data for table `craft_assetfiles`
--

INSERT INTO `craft_assetfiles` (`id`, `sourceId`, `folderId`, `filename`, `kind`, `width`, `height`, `size`, `dateModified`, `dateCreated`, `dateUpdated`, `uid`) VALUES
 ('29', '1', '1', 'roadTrip.jpg', 'image', '960', '720', '84268', '2017-04-30 23:14:07', '2017-04-30 23:14:08', '2017-04-30 23:14:08', '806010db-13a7-40c4-a6e7-ac29ea9228aa'),
 ('33', '1', '1', 'strangerInTheAlps.jpg', 'image', '510', '408', '44656', '2017-04-30 23:20:23', '2017-04-30 23:20:23', '2017-04-30 23:20:23', 'a7562250-f573-487f-91f6-b720908e72d3');



DROP TABLE IF EXISTS `craft_assetfolders`;


--
-- Schema for table `craft_assetfolders`
--
CREATE TABLE `craft_assetfolders` (
  `id` int(11) NOT NULL AUTO_INCREMENT,
  `parentId` int(11) DEFAULT NULL,
  `sourceId` int(11) DEFAULT NULL,
  `name` varchar(255) COLLATE utf8_unicode_ci NOT NULL,
  `path` varchar(255) COLLATE utf8_unicode_ci DEFAULT NULL,
  `dateCreated` datetime NOT NULL,
  `dateUpdated` datetime NOT NULL,
  `uid` char(36) COLLATE utf8_unicode_ci NOT NULL DEFAULT '0',
  PRIMARY KEY (`id`),
  UNIQUE KEY `craft_assetfolders_name_parentId_sourceId_unq_idx` (`name`,`parentId`,`sourceId`),
  KEY `craft_assetfolders_parentId_fk` (`parentId`),
  KEY `craft_assetfolders_sourceId_fk` (`sourceId`)
) ENGINE=InnoDB AUTO_INCREMENT=2 DEFAULT CHARSET=utf8 COLLATE=utf8_unicode_ci;

--
-- Data for table `craft_assetfolders`
--

INSERT INTO `craft_assetfolders` (`id`, `parentId`, `sourceId`, `name`, `path`, `dateCreated`, `dateUpdated`, `uid`) VALUES
 ('1', NULL, '1', 'Blog Feature Image', '', '2017-04-30 23:07:11', '2017-04-30 23:07:11', 'c56e8247-dbfe-492f-ba5b-1963c980ebb0');



DROP TABLE IF EXISTS `craft_assetindexdata`;


--
-- Schema for table `craft_assetindexdata`
--
CREATE TABLE `craft_assetindexdata` (
  `id` int(11) NOT NULL AUTO_INCREMENT,
  `sessionId` varchar(36) COLLATE utf8_unicode_ci NOT NULL DEFAULT '',
  `sourceId` int(10) NOT NULL,
  `offset` int(10) NOT NULL,
  `uri` varchar(255) COLLATE utf8_unicode_ci DEFAULT NULL,
  `size` varchar(255) COLLATE utf8_unicode_ci DEFAULT NULL,
  `recordId` int(10) DEFAULT NULL,
  `dateCreated` datetime NOT NULL,
  `dateUpdated` datetime NOT NULL,
  `uid` char(36) COLLATE utf8_unicode_ci NOT NULL DEFAULT '0',
  PRIMARY KEY (`id`),
  UNIQUE KEY `craft_assetindexdata_sessionId_sourceId_offset_unq_idx` (`sessionId`,`sourceId`,`offset`),
  KEY `craft_assetindexdata_sourceId_fk` (`sourceId`)
) ENGINE=InnoDB DEFAULT CHARSET=utf8 COLLATE=utf8_unicode_ci;

DROP TABLE IF EXISTS `craft_assetsources`;


--
-- Schema for table `craft_assetsources`
--
CREATE TABLE `craft_assetsources` (
  `id` int(11) NOT NULL AUTO_INCREMENT,
  `name` varchar(255) COLLATE utf8_unicode_ci NOT NULL,
  `handle` varchar(255) COLLATE utf8_unicode_ci NOT NULL,
  `type` varchar(150) COLLATE utf8_unicode_ci NOT NULL,
  `settings` text COLLATE utf8_unicode_ci,
  `sortOrder` smallint(6) unsigned DEFAULT NULL,
  `fieldLayoutId` int(10) DEFAULT NULL,
  `dateCreated` datetime NOT NULL,
  `dateUpdated` datetime NOT NULL,
  `uid` char(36) COLLATE utf8_unicode_ci NOT NULL DEFAULT '0',
  PRIMARY KEY (`id`),
  UNIQUE KEY `craft_assetsources_name_unq_idx` (`name`),
  UNIQUE KEY `craft_assetsources_handle_unq_idx` (`handle`),
  KEY `craft_assetsources_fieldLayoutId_fk` (`fieldLayoutId`)
) ENGINE=InnoDB AUTO_INCREMENT=2 DEFAULT CHARSET=utf8 COLLATE=utf8_unicode_ci;

--
-- Data for table `craft_assetsources`
--

INSERT INTO `craft_assetsources` (`id`, `name`, `handle`, `type`, `settings`, `sortOrder`, `fieldLayoutId`, `dateCreated`, `dateUpdated`, `uid`) VALUES
 ('1', 'Blog Feature Image', 'blogFeatureImage', 'Local', '{\"path\":\"media\\/images\\/features\\/\",\"publicURLs\":\"1\",\"url\":\"{baseUrl}media\\/images\\/features\\/\"}', '1', '12', '2017-04-30 23:07:11', '2017-04-30 23:07:11', 'ec934b0b-9360-4589-9bd4-83ebe635d53d');



DROP TABLE IF EXISTS `craft_assettransformindex`;


--
-- Schema for table `craft_assettransformindex`
--
CREATE TABLE `craft_assettransformindex` (
  `id` int(11) NOT NULL AUTO_INCREMENT,
  `fileId` int(11) NOT NULL,
  `filename` varchar(255) COLLATE utf8_unicode_ci DEFAULT NULL,
  `format` varchar(255) COLLATE utf8_unicode_ci DEFAULT NULL,
  `location` varchar(255) COLLATE utf8_unicode_ci NOT NULL,
  `sourceId` int(11) DEFAULT NULL,
  `fileExists` tinyint(1) DEFAULT NULL,
  `inProgress` tinyint(1) DEFAULT NULL,
  `dateIndexed` datetime DEFAULT NULL,
  `dateCreated` datetime NOT NULL,
  `dateUpdated` datetime NOT NULL,
  `uid` char(36) COLLATE utf8_unicode_ci NOT NULL DEFAULT '0',
  PRIMARY KEY (`id`),
  KEY `craft_assettransformindex_sourceId_fileId_location_idx` (`sourceId`,`fileId`,`location`)
) ENGINE=InnoDB DEFAULT CHARSET=utf8 COLLATE=utf8_unicode_ci;

DROP TABLE IF EXISTS `craft_assettransforms`;


--
-- Schema for table `craft_assettransforms`
--
CREATE TABLE `craft_assettransforms` (
  `id` int(11) NOT NULL AUTO_INCREMENT,
  `name` varchar(255) COLLATE utf8_unicode_ci NOT NULL,
  `handle` varchar(255) COLLATE utf8_unicode_ci NOT NULL,
  `mode` enum('stretch','fit','crop') COLLATE utf8_unicode_ci NOT NULL DEFAULT 'crop',
  `position` enum('top-left','top-center','top-right','center-left','center-center','center-right','bottom-left','bottom-center','bottom-right') COLLATE utf8_unicode_ci NOT NULL DEFAULT 'center-center',
  `height` int(10) DEFAULT NULL,
  `width` int(10) DEFAULT NULL,
  `format` varchar(255) COLLATE utf8_unicode_ci DEFAULT NULL,
  `quality` int(10) DEFAULT NULL,
  `dimensionChangeTime` datetime DEFAULT NULL,
  `dateCreated` datetime NOT NULL,
  `dateUpdated` datetime NOT NULL,
  `uid` char(36) COLLATE utf8_unicode_ci NOT NULL DEFAULT '0',
  PRIMARY KEY (`id`),
  UNIQUE KEY `craft_assettransforms_name_unq_idx` (`name`),
  UNIQUE KEY `craft_assettransforms_handle_unq_idx` (`handle`)
) ENGINE=InnoDB DEFAULT CHARSET=utf8 COLLATE=utf8_unicode_ci;

DROP TABLE IF EXISTS `craft_categories`;


--
-- Schema for table `craft_categories`
--
CREATE TABLE `craft_categories` (
  `id` int(11) NOT NULL,
  `groupId` int(11) NOT NULL,
  `dateCreated` datetime NOT NULL,
  `dateUpdated` datetime NOT NULL,
  `uid` char(36) COLLATE utf8_unicode_ci NOT NULL DEFAULT '0',
  PRIMARY KEY (`id`),
  KEY `craft_categories_groupId_fk` (`groupId`)
) ENGINE=InnoDB DEFAULT CHARSET=utf8 COLLATE=utf8_unicode_ci;

DROP TABLE IF EXISTS `craft_categorygroups`;


--
-- Schema for table `craft_categorygroups`
--
CREATE TABLE `craft_categorygroups` (
  `id` int(11) NOT NULL AUTO_INCREMENT,
  `structureId` int(11) NOT NULL,
  `fieldLayoutId` int(11) DEFAULT NULL,
  `name` varchar(255) COLLATE utf8_unicode_ci NOT NULL,
  `handle` varchar(255) COLLATE utf8_unicode_ci NOT NULL,
  `hasUrls` tinyint(1) unsigned NOT NULL DEFAULT '1',
  `template` varchar(500) COLLATE utf8_unicode_ci DEFAULT NULL,
  `dateCreated` datetime NOT NULL,
  `dateUpdated` datetime NOT NULL,
  `uid` char(36) COLLATE utf8_unicode_ci NOT NULL DEFAULT '0',
  PRIMARY KEY (`id`),
  UNIQUE KEY `craft_categorygroups_name_unq_idx` (`name`),
  UNIQUE KEY `craft_categorygroups_handle_unq_idx` (`handle`),
  KEY `craft_categorygroups_structureId_fk` (`structureId`),
  KEY `craft_categorygroups_fieldLayoutId_fk` (`fieldLayoutId`)
) ENGINE=InnoDB DEFAULT CHARSET=utf8 COLLATE=utf8_unicode_ci;

DROP TABLE IF EXISTS `craft_categorygroups_i18n`;


--
-- Schema for table `craft_categorygroups_i18n`
--
CREATE TABLE `craft_categorygroups_i18n` (
  `id` int(11) NOT NULL AUTO_INCREMENT,
  `groupId` int(11) NOT NULL,
  `locale` char(12) COLLATE utf8_unicode_ci NOT NULL,
  `urlFormat` text COLLATE utf8_unicode_ci,
  `nestedUrlFormat` text COLLATE utf8_unicode_ci,
  `dateCreated` datetime NOT NULL,
  `dateUpdated` datetime NOT NULL,
  `uid` char(36) COLLATE utf8_unicode_ci NOT NULL DEFAULT '0',
  PRIMARY KEY (`id`),
  UNIQUE KEY `craft_categorygroups_i18n_groupId_locale_unq_idx` (`groupId`,`locale`),
  KEY `craft_categorygroups_i18n_locale_fk` (`locale`)
) ENGINE=InnoDB DEFAULT CHARSET=utf8 COLLATE=utf8_unicode_ci;

DROP TABLE IF EXISTS `craft_content`;


--
-- Schema for table `craft_content`
--
CREATE TABLE `craft_content` (
  `id` int(11) NOT NULL AUTO_INCREMENT,
  `elementId` int(11) NOT NULL,
  `locale` char(12) COLLATE utf8_unicode_ci NOT NULL,
  `title` varchar(255) COLLATE utf8_unicode_ci DEFAULT NULL,
  `field_body` text COLLATE utf8_unicode_ci,
  `field_linkUrl` text COLLATE utf8_unicode_ci,
  `dateCreated` datetime NOT NULL,
  `dateUpdated` datetime NOT NULL,
  `uid` char(36) COLLATE utf8_unicode_ci NOT NULL DEFAULT '0',
  PRIMARY KEY (`id`),
  UNIQUE KEY `craft_content_elementId_locale_unq_idx` (`elementId`,`locale`),
  KEY `craft_content_title_idx` (`title`),
  KEY `craft_content_locale_fk` (`locale`)
) ENGINE=InnoDB AUTO_INCREMENT=42 DEFAULT CHARSET=utf8 COLLATE=utf8_unicode_ci;

--
-- Data for table `craft_content`
--

INSERT INTO `craft_content` (`id`, `elementId`, `locale`, `title`, `field_body`, `field_linkUrl`, `dateCreated`, `dateUpdated`, `uid`) VALUES
 ('1', '1', 'en_us', NULL, NULL, NULL, '2017-04-29 02:37:21', '2017-04-29 02:41:04', 'fb6de402-628f-40b6-b4b7-fcc570b4bbe2'),
 ('2', '2', 'en_us', 'Welcome to Blackfez.com!', '<p>It’s true, this site doesn’t have a whole lot of content yet, but don’t worry. Our web developers have just installed the CMS, and they’re setting things up for the content editors this very moment. Soon Blackfez.com will be an oasis of fresh perspectives, sharp analyses, and astute opinions that will keep you coming back again and again.</p>', NULL, '2017-04-29 02:37:23', '2017-04-29 02:37:23', '056b477d-1ad1-489c-bc3b-789bc8a41a0c'),
 ('4', '4', 'en_us', 'Frameworks', NULL, NULL, '2017-04-30 22:05:32', '2017-04-30 22:05:32', 'b0cd6b90-865e-4b82-9dbb-d211631e2cc4'),
 ('5', '5', 'en_us', 'CMS', NULL, NULL, '2017-04-30 22:05:39', '2017-04-30 22:05:39', '400ec3ce-994c-4c9b-9818-ea3e2857ab21'),
 ('6', '6', 'en_us', 'Craft CMS', '<p>My new favorite <abbr title=\"Content Management System\">CMS</abbr>.  The melding of control and flexibility is intoxicating.</p>', 'https://craftcms.com', '2017-04-30 22:05:47', '2017-04-30 22:05:47', '2bef6fb3-2d97-47dd-bbad-32cfb9268846'),
 ('7', '7', 'en_us', 'Craft', NULL, NULL, '2017-04-30 22:33:55', '2017-04-30 22:33:55', '89a904d3-b478-4072-b459-4ef9dd7a7242'),
 ('8', '8', 'en_us', 'Doing it!', '<p>Starting to build out some sample content for the new and improved Craft-based Nix Quips.  A joy and a half.</p>', NULL, '2017-04-30 22:34:02', '2017-04-30 22:34:02', 'fddb6c74-fe82-4524-9238-dfeee1e0e2a2'),
 ('9', '9', 'en_us', 'My new favorite thing', '<p>Craft CMS is my new favorite thing.  Well, as much as something written in PHP can qualify anyway.  But, seriously, the UI is slick and the flexibility supports any data model I want to throw at it.  Best of all, the HTML is exactly as clean and sparse as I make it.  </p><p>Sure, we\'re still in the salad days, but I got further with Craft in six hours than I ever did in the several weeks I played with Drupal.</p>', NULL, '2017-04-30 22:35:50', '2017-04-30 22:35:50', '3c1dbb57-dce3-4a36-bbcd-85d3abd85607'),
 ('10', '10', 'en_us', 'Matilda', NULL, NULL, '2017-04-30 22:44:41', '2017-04-30 22:44:41', '2eeee30b-9d61-442c-b8d8-a1f4cd965350'),
 ('11', '11', 'en_us', 'Repairs', NULL, NULL, '2017-04-30 22:46:35', '2017-04-30 22:46:53', 'cfc1e28b-8490-479c-953e-fe884949b9f2'),
 ('12', '12', 'en_us', 'Root cause', '<p>I think we\'re finally at root cause for the front wheel bearings issue that has plagued Matilda.  Previous owner did a lousy job of swapping in a custom wheel and it didn\'t fit well on the hub without some spacers.  The spacers were fiddly at best and when they shifted the out-of-true-ness made quick work of the bearings.  Dillon Bros is going to eat the replacement cost of an OEM Sportster front wheel as well as the bearings.  </p>\n<h3>The Good: </h3>\n<ul><li>It\'s always good to find root cause</li><li>Fixed at no cost to me</li><li>New wheel, presumably without the warp in the rim</li><li>I\'m not completely pissed with the dealer</li></ul><h3>The Bad:</h3>\n<ul><li>They sold a bike with a bum wheel</li><li>They replaced the bearings and put the bum wheel with the fiddly spacers on the bike last July without mentioning the issue</li><li>They replaced the tire a few weeks ago which involves re-mounting the front wheel and again didn\'t mention an issue with a custom wheel with fiddly spacers</li><li>The previous three points don\'t instill much confidence in the dealer\'s repair shop.</li><li>I\'m bike-free until late next week.  2+ weeks of no riding :\'(</li></ul>', NULL, '2017-04-30 22:49:51', '2017-04-30 22:50:34', '18d1e919-c692-4a94-878c-8b84b99fa48f'),
 ('13', '13', 'en_us', 'Game', NULL, NULL, '2017-04-30 22:52:22', '2017-04-30 22:52:22', '5430ee51-e82c-430b-821f-42a8df69abd9'),
 ('14', '14', 'en_us', 'Concerts', NULL, NULL, '2017-04-30 22:52:28', '2017-04-30 22:52:28', '55e6b901-984e-43fb-9931-631ae63dc8e5'),
 ('15', '15', 'en_us', 'The game', '<p>The ten concerts, nine of which I\'ve attended game:</p><ol><li>The Monkees</li><li>Camper Van Beethoven</li><li>The Dead Milkmen</li><li>REM</li><li>Depeche Mode</li><li>The Eagles</li><li>Jane\'s Addiction</li><li>Pharoah Sanders</li><li>Johnny Cash</li><li>Southern Culture on the Skids</li></ol>', NULL, '2017-04-30 22:52:56', '2017-04-30 22:52:56', 'e3d9dd67-a22f-4934-99e5-82459aa8c869'),
 ('16', '16', 'en_us', 'Wishes', '<p>I really wish I could find my Tiny Lights CDs.  I want to say that Ween\'s <cite>Roses Are Free</cite> is a straight up theft of a song on <cite>Milky Juicy</cite>.  Which is understandable since TL\'s bassist went on to play bass for Ween.</p>', NULL, '2017-04-30 22:54:54', '2017-04-30 22:55:52', '9736a5df-2261-415d-95fc-b697dc8a0245'),
 ('17', '17', 'en_us', 'Tiny Lig', NULL, NULL, '2017-04-30 22:55:45', '2017-04-30 22:55:45', 'fab2acae-8963-4a22-b552-9990655909a6'),
 ('18', '18', 'en_us', 'Ween', NULL, NULL, '2017-04-30 22:55:48', '2017-04-30 22:55:48', '1763dbf9-f044-4945-91db-6cf9d675778f'),
 ('19', '19', 'en_us', 'NoDonutsToday', NULL, NULL, '2017-04-30 22:56:38', '2017-04-30 22:56:38', '6d43e7e4-3fa9-4011-b75f-f75b52f862f8'),
 ('20', '20', 'en_us', 'No donuts today', '<p>Stupid front wheel bearings.</p>', NULL, '2017-04-30 22:57:03', '2017-04-30 22:57:03', '604bc683-05b7-495f-b559-60c6302ee161'),
 ('21', '21', 'en_us', 'WorkLifeBalance', NULL, NULL, '2017-04-30 22:58:03', '2017-04-30 22:58:03', 'aae10881-8a89-4512-a8ae-d8563b414c6b'),
 ('22', '22', 'en_us', 'Complaints', NULL, NULL, '2017-04-30 22:58:18', '2017-04-30 22:58:18', '884ec25e-ce88-4045-9f48-bc3d68347d60'),
 ('23', '23', 'en_us', 'Bleh', '<p>The kind of work week that makes black-out drinking sound appealing.</p>', NULL, '2017-04-30 22:58:20', '2017-04-30 22:58:20', 'ea1501b6-eaa0-49b3-8670-25a17edf6927'),
 ('24', '24', 'en_us', 'Video', NULL, NULL, '2017-04-30 22:59:52', '2017-04-30 22:59:52', '9b1023c4-e9b6-485c-83ae-4f84b1d2de97'),
 ('25', '25', 'en_us', 'Funny', NULL, NULL, '2017-04-30 22:59:58', '2017-04-30 22:59:58', 'f0e3b5bb-9b5f-4b7f-a498-a5501b83505c'),
 ('26', '26', 'en_us', 'Hockey', NULL, NULL, '2017-04-30 23:00:03', '2017-04-30 23:00:03', '6ad6e08c-a023-4a6b-9cd8-9ab9f5c63487'),
 ('27', '27', 'en_us', 'Canadian daycare', '', 'https://www.facebook.com/YourEverydayCanadian/videos/1877505392537260/', '2017-04-30 23:00:09', '2017-04-30 23:00:37', 'e45b08d5-e95d-4536-b31e-51186e1760b2'),
 ('28', '28', 'en_us', 'Persistent', '<p>Read this line in a forum post just now:</p><blockquote>I\'m as persistent as a broccoli fart in a sleeping bag.</blockquote>My day is slightly better now.', NULL, '2017-04-30 23:03:28', '2017-04-30 23:03:28', 'f144e157-7df5-4d64-b49e-d21d2493bee9'),
 ('29', '29', 'en_us', 'Road Trip', NULL, NULL, '2017-04-30 23:14:08', '2017-04-30 23:14:08', 'a518a4d9-8201-44f6-a19c-33e54f5f87d6'),
 ('30', '30', 'en_us', 'Elz', NULL, NULL, '2017-04-30 23:15:52', '2017-04-30 23:15:52', '3e9cb322-f34a-414d-a2ba-b209ce8fcc71'),
 ('31', '31', 'en_us', 'Anniversary', NULL, NULL, '2017-04-30 23:15:56', '2017-04-30 23:15:56', 'e9a6aadd-08a1-4d5e-8d0e-a1b3ec07b0c8'),
 ('32', '32', 'en_us', 'Four years!', '<p>This lady right here finally took me up on my marriage proposal four years ago today.  Together we\'ve gone many miles and there are still so many wonderful miles ahead.  I don\'t know where we\'re going, but I know we\'re having a good time getting there.  </p><p>I love you, <a href=\"https://www.facebook.com/elzshotwell\">Elizabeth</a>.  To the ends of the Earth and back.</p>', NULL, '2017-04-30 23:18:32', '2017-04-30 23:18:32', '1ded5b3f-0ee8-41cb-9d6e-054e7ae27abb'),
 ('33', '33', 'en_us', 'Stranger In The Alps', NULL, NULL, '2017-04-30 23:20:23', '2017-04-30 23:20:23', 'b9cf3a76-5b3e-4d8b-8d3d-ee2179a3c127'),
 ('34', '34', 'en_us', 'Lebowski', NULL, NULL, '2017-04-30 23:20:49', '2017-04-30 23:20:49', 'f60ec5cb-7f1f-4f69-8d3a-2322d78f71e0'),
 ('35', '35', 'en_us', 'The Big Lebowski', NULL, NULL, '2017-04-30 23:21:06', '2017-04-30 23:21:06', '062db248-4b3b-4b41-a6cc-25cbfc516ad8'),
 ('36', '36', 'en_us', 'You got a date Wednesday!', '<p>Mini Lebowski Fest starts in just over three hours, Larry!</p>', NULL, '2017-04-30 23:21:45', '2017-04-30 23:21:45', '4f983d20-1e48-46c4-8d08-a93936191e25'),
 ('37', '37', 'en_us', 'Spicy', NULL, NULL, '2017-04-30 23:24:32', '2017-04-30 23:24:32', 'b3c982f2-0e61-4f71-9d61-e2a324e99e89'),
 ('38', '38', 'en_us', 'Spicy Time', NULL, NULL, '2017-04-30 23:24:38', '2017-04-30 23:24:38', 'afeafbc6-443a-47a1-91b0-d6c0c1bb6145'),
 ('39', '39', 'en_us', 'SAT Writing & Language Question Nightmares', '<p>Diagram the following sentence:</p>\n<blockquote>I I think when you come to sarin gas, uh, there was no, he was not using the gas on his own people the same way that Ashad is doing - I mean there was clearly I - I - I - I understand - [crosstalk] - thank you, thank you, I appreciate that - there was... not, in the, in the he brought \'em to, to, uhm, to the Holocaust centers - I understand that - but on the saying in the way the Assad used them where he went into towns, dropped \'em down to innocent into the middle of towns, it was brought to it, so the use of it I appreciate the clarification.</blockquote>', NULL, '2017-04-30 23:24:46', '2017-04-30 23:25:35', 'bb2666f6-6141-4c00-8141-a2e011b7717e'),
 ('40', '40', 'en_us', 'Word Salad', NULL, NULL, '2017-04-30 23:25:14', '2017-04-30 23:25:14', '9186b73c-ff48-401a-aa98-beb2014fec10'),
 ('41', '41', 'en_us', 'Sean Spicer', NULL, NULL, '2017-04-30 23:25:29', '2017-04-30 23:25:29', '7cfb1233-4826-4152-b78e-9e163592ea4d');



DROP TABLE IF EXISTS `craft_deprecationerrors`;


--
-- Schema for table `craft_deprecationerrors`
--
CREATE TABLE `craft_deprecationerrors` (
  `id` int(11) NOT NULL AUTO_INCREMENT,
  `key` varchar(255) COLLATE utf8_unicode_ci NOT NULL,
  `fingerprint` varchar(255) COLLATE utf8_unicode_ci NOT NULL,
  `lastOccurrence` datetime NOT NULL,
  `file` varchar(255) COLLATE utf8_unicode_ci NOT NULL,
  `line` smallint(6) unsigned NOT NULL,
  `class` varchar(255) COLLATE utf8_unicode_ci DEFAULT NULL,
  `method` varchar(255) COLLATE utf8_unicode_ci DEFAULT NULL,
  `template` varchar(255) COLLATE utf8_unicode_ci DEFAULT NULL,
  `templateLine` smallint(6) unsigned DEFAULT NULL,
  `message` varchar(255) COLLATE utf8_unicode_ci DEFAULT NULL,
  `traces` text COLLATE utf8_unicode_ci,
  `dateCreated` datetime NOT NULL,
  `dateUpdated` datetime NOT NULL,
  `uid` char(36) COLLATE utf8_unicode_ci NOT NULL DEFAULT '0',
  PRIMARY KEY (`id`),
  UNIQUE KEY `craft_deprecationerrors_key_fingerprint_unq_idx` (`key`,`fingerprint`)
) ENGINE=InnoDB DEFAULT CHARSET=utf8 COLLATE=utf8_unicode_ci;

DROP TABLE IF EXISTS `craft_elementindexsettings`;


--
-- Schema for table `craft_elementindexsettings`
--
CREATE TABLE `craft_elementindexsettings` (
  `id` int(11) NOT NULL AUTO_INCREMENT,
  `type` varchar(150) COLLATE utf8_unicode_ci NOT NULL,
  `settings` text COLLATE utf8_unicode_ci,
  `dateCreated` datetime NOT NULL,
  `dateUpdated` datetime NOT NULL,
  `uid` char(36) COLLATE utf8_unicode_ci NOT NULL DEFAULT '0',
  PRIMARY KEY (`id`),
  UNIQUE KEY `craft_elementindexsettings_type_unq_idx` (`type`)
) ENGINE=InnoDB DEFAULT CHARSET=utf8 COLLATE=utf8_unicode_ci;

DROP TABLE IF EXISTS `craft_elements`;


--
-- Schema for table `craft_elements`
--
CREATE TABLE `craft_elements` (
  `id` int(11) NOT NULL AUTO_INCREMENT,
  `type` varchar(150) COLLATE utf8_unicode_ci NOT NULL,
  `enabled` tinyint(1) unsigned NOT NULL DEFAULT '1',
  `archived` tinyint(1) unsigned NOT NULL DEFAULT '0',
  `dateCreated` datetime NOT NULL,
  `dateUpdated` datetime NOT NULL,
  `uid` char(36) COLLATE utf8_unicode_ci NOT NULL DEFAULT '0',
  PRIMARY KEY (`id`),
  KEY `craft_elements_type_idx` (`type`),
  KEY `craft_elements_enabled_idx` (`enabled`),
  KEY `craft_elements_archived_dateCreated_idx` (`archived`,`dateCreated`)
) ENGINE=InnoDB AUTO_INCREMENT=42 DEFAULT CHARSET=utf8 COLLATE=utf8_unicode_ci;

--
-- Data for table `craft_elements`
--

INSERT INTO `craft_elements` (`id`, `type`, `enabled`, `archived`, `dateCreated`, `dateUpdated`, `uid`) VALUES
 ('1', 'User', '1', '0', '2017-04-29 02:37:20', '2017-04-29 02:41:04', '7cc728cd-37e0-494e-892c-2987162e8956'),
 ('2', 'Entry', '1', '0', '2017-04-29 02:37:23', '2017-04-29 02:37:23', '003f26b6-c9a2-4805-bf7f-6b84c2e2e57e'),
 ('4', 'Tag', '1', '0', '2017-04-30 22:05:32', '2017-04-30 22:05:32', 'df3d3cd9-aa88-46c7-b209-e34eefc7c7bd'),
 ('5', 'Tag', '1', '0', '2017-04-30 22:05:39', '2017-04-30 22:05:39', 'f259b805-b024-4688-aa91-1b6dd92a12d1'),
 ('6', 'Entry', '1', '0', '2017-04-30 22:05:47', '2017-04-30 22:05:47', '240b8e38-5422-4232-927f-5145c9596275'),
 ('7', 'Tag', '1', '0', '2017-04-30 22:33:55', '2017-04-30 22:33:55', 'de834d24-7bce-473e-aee1-c59746559410'),
 ('8', 'Entry', '1', '0', '2017-04-30 22:34:02', '2017-04-30 22:34:02', '2f7d3d0f-9ecc-4408-8198-974cbb079047'),
 ('9', 'Entry', '1', '0', '2017-04-30 22:35:50', '2017-04-30 22:35:50', '01d66b08-d883-4d12-81ba-dc6fd0432cb1'),
 ('10', 'Tag', '1', '0', '2017-04-30 22:44:41', '2017-04-30 22:44:41', 'd09f1d47-479f-46d2-9c81-0d31822434bf'),
 ('11', 'Tag', '1', '0', '2017-04-30 22:46:35', '2017-04-30 22:46:53', '3422de4d-c30f-4ee8-bdc9-19cfef024393'),
 ('12', 'Entry', '1', '0', '2017-04-30 22:49:51', '2017-04-30 22:50:34', '3d55a9a4-6411-452c-abe9-bdf7d779b81a'),
 ('13', 'Tag', '1', '0', '2017-04-30 22:52:22', '2017-04-30 22:52:22', '6246245e-b41a-41a9-b86f-922499ae5b29'),
 ('14', 'Tag', '1', '0', '2017-04-30 22:52:28', '2017-04-30 22:52:28', '45cefba3-94a6-439b-88cf-5366754d6a55'),
 ('15', 'Entry', '1', '0', '2017-04-30 22:52:56', '2017-04-30 22:52:56', '80b9f9a9-5fa0-46be-846e-59976e90f886'),
 ('16', 'Entry', '1', '0', '2017-04-30 22:54:54', '2017-04-30 22:55:52', 'cdf77b6d-6645-46fe-b6d1-8af0fc2f4e47'),
 ('17', 'Tag', '1', '0', '2017-04-30 22:55:45', '2017-04-30 22:55:45', 'afbf2b05-aed1-441f-bb0e-682645d12a38'),
 ('18', 'Tag', '1', '0', '2017-04-30 22:55:48', '2017-04-30 22:55:48', '4797cd25-c5d5-4317-bf90-b8ca1a35f1f1'),
 ('19', 'Tag', '1', '0', '2017-04-30 22:56:38', '2017-04-30 22:56:38', '446a717a-9dcc-4c5d-8776-809340c63c3d'),
 ('20', 'Entry', '1', '0', '2017-04-30 22:57:03', '2017-04-30 22:57:03', 'f85f0415-cf32-4a81-bfc9-b2fe27452565'),
 ('21', 'Tag', '1', '0', '2017-04-30 22:58:03', '2017-04-30 22:58:03', 'b31fe55a-fbd2-4690-8929-51874f94849a'),
 ('22', 'Tag', '1', '0', '2017-04-30 22:58:18', '2017-04-30 22:58:18', '4fc2063e-6341-40e2-b3bc-f232f80cb94b'),
 ('23', 'Entry', '1', '0', '2017-04-30 22:58:20', '2017-04-30 22:58:20', '1f2ec6c1-29f6-47ea-a832-cba8f9bc8b93'),
 ('24', 'Tag', '1', '0', '2017-04-30 22:59:52', '2017-04-30 22:59:52', '23e07567-2312-4d35-a686-4865b9e139b6'),
 ('25', 'Tag', '1', '0', '2017-04-30 22:59:58', '2017-04-30 22:59:58', '87577155-81b7-49e6-a996-dc9de0bf6bfc'),
 ('26', 'Tag', '1', '0', '2017-04-30 23:00:03', '2017-04-30 23:00:03', 'a6597187-fbb4-4ec4-80ad-e6e5d006c09f'),
 ('27', 'Entry', '1', '0', '2017-04-30 23:00:09', '2017-04-30 23:00:37', '6561e8c1-3367-4ad0-9523-e2b52f4621ca'),
 ('28', 'Entry', '1', '0', '2017-04-30 23:03:28', '2017-04-30 23:03:28', '009b69d6-922a-455b-85aa-2f1ea827b30e'),
 ('29', 'Asset', '1', '0', '2017-04-30 23:14:08', '2017-04-30 23:14:08', '6b6f6bc7-a4cb-4515-98ef-08e71e7d34e1'),
 ('30', 'Tag', '1', '0', '2017-04-30 23:15:52', '2017-04-30 23:15:52', '6c25c5cf-f3f2-4558-8c70-5283c870bfcd'),
 ('31', 'Tag', '1', '0', '2017-04-30 23:15:56', '2017-04-30 23:15:56', 'b80d4208-331a-415f-acf1-16cee93b357b'),
 ('32', 'Entry', '1', '0', '2017-04-30 23:18:32', '2017-04-30 23:18:32', '7f646998-5d18-4383-bcc6-756f89084cf3'),
 ('33', 'Asset', '1', '0', '2017-04-30 23:20:23', '2017-04-30 23:20:23', 'afdc2097-639a-420a-8ae8-ea5943388da4'),
 ('34', 'Tag', '1', '0', '2017-04-30 23:20:49', '2017-04-30 23:20:49', '901fa127-bdac-4d6a-9a17-61ad145114fe'),
 ('35', 'Tag', '1', '0', '2017-04-30 23:21:06', '2017-04-30 23:21:06', '402957b2-bee0-4c1f-b99e-fa28da7bcc3c'),
 ('36', 'Entry', '1', '0', '2017-04-30 23:21:45', '2017-04-30 23:21:45', '01d67b0e-bc54-4793-98b3-f78a2a921041'),
 ('37', 'Tag', '1', '0', '2017-04-30 23:24:32', '2017-04-30 23:24:32', 'a28f098e-ca67-48c9-8b26-df8fb7205512'),
 ('38', 'Tag', '1', '0', '2017-04-30 23:24:38', '2017-04-30 23:24:38', '950bf43f-f515-45ea-bb10-143402226360'),
 ('39', 'Entry', '1', '0', '2017-04-30 23:24:46', '2017-04-30 23:25:35', 'b9fb7bba-c0d5-435d-a05f-57c6be17e7a8'),
 ('40', 'Tag', '1', '0', '2017-04-30 23:25:14', '2017-04-30 23:25:14', 'e1f52011-b161-45b0-a1d0-67d66be3e860'),
 ('41', 'Tag', '1', '0', '2017-04-30 23:25:29', '2017-04-30 23:25:29', '8bd9f5fe-02cf-4e72-9ec0-5df7ebc071b5');



DROP TABLE IF EXISTS `craft_elements_i18n`;


--
-- Schema for table `craft_elements_i18n`
--
CREATE TABLE `craft_elements_i18n` (
  `id` int(11) NOT NULL AUTO_INCREMENT,
  `elementId` int(11) NOT NULL,
  `locale` char(12) COLLATE utf8_unicode_ci NOT NULL,
  `slug` varchar(255) COLLATE utf8_unicode_ci DEFAULT NULL,
  `uri` varchar(255) COLLATE utf8_unicode_ci DEFAULT NULL,
  `enabled` tinyint(1) unsigned NOT NULL DEFAULT '1',
  `dateCreated` datetime NOT NULL,
  `dateUpdated` datetime NOT NULL,
  `uid` char(36) COLLATE utf8_unicode_ci NOT NULL DEFAULT '0',
  PRIMARY KEY (`id`),
  UNIQUE KEY `craft_elements_i18n_elementId_locale_unq_idx` (`elementId`,`locale`),
  UNIQUE KEY `craft_elements_i18n_uri_locale_unq_idx` (`uri`,`locale`),
  KEY `craft_elements_i18n_slug_locale_idx` (`slug`,`locale`),
  KEY `craft_elements_i18n_enabled_idx` (`enabled`),
  KEY `craft_elements_i18n_locale_fk` (`locale`)
) ENGINE=InnoDB AUTO_INCREMENT=42 DEFAULT CHARSET=utf8 COLLATE=utf8_unicode_ci;

--
-- Data for table `craft_elements_i18n`
--

INSERT INTO `craft_elements_i18n` (`id`, `elementId`, `locale`, `slug`, `uri`, `enabled`, `dateCreated`, `dateUpdated`, `uid`) VALUES
 ('1', '1', 'en_us', '', NULL, '1', '2017-04-29 02:37:21', '2017-04-29 02:41:04', 'bd2309b1-2004-4543-8da9-611574fe568a'),
 ('2', '2', 'en_us', 'homepage', '__home__', '1', '2017-04-29 02:37:23', '2017-04-29 02:37:23', '83210e69-9d78-4c63-be1d-7d38f5471561'),
 ('4', '4', 'en_us', 'frameworks', NULL, '1', '2017-04-30 22:05:32', '2017-04-30 22:05:32', 'd39a9364-0028-4e65-a7bd-6c64922d9802'),
 ('5', '5', 'en_us', 'cms', NULL, '1', '2017-04-30 22:05:39', '2017-04-30 22:05:39', 'bed7762c-7c0e-465c-b111-46a4344b2a8b'),
 ('6', '6', 'en_us', 'craft-cms', 'blog/craft-cms', '1', '2017-04-30 22:05:47', '2017-04-30 22:05:47', '7d39fd97-397b-4d29-bc4c-137722f01671'),
 ('7', '7', 'en_us', 'craft', NULL, '1', '2017-04-30 22:33:55', '2017-04-30 22:33:55', 'f4a2e944-5dca-42f4-ae57-3092637f9860'),
 ('8', '8', 'en_us', 'doing-it', 'blog/doing-it', '1', '2017-04-30 22:34:02', '2017-04-30 22:34:02', 'd215a281-ba4e-4e0a-b777-d95137728660'),
 ('9', '9', 'en_us', 'my-new-favorite-thing', 'blog/my-new-favorite-thing', '1', '2017-04-30 22:35:50', '2017-04-30 22:35:50', '81df2228-cfbd-4d17-8cc6-7e9c46dcb935'),
 ('10', '10', 'en_us', 'matilda', NULL, '1', '2017-04-30 22:44:41', '2017-04-30 22:44:41', 'f9d84dc8-4582-4a3e-9984-07adcb17adaa'),
 ('11', '11', 'en_us', 'repair', NULL, '1', '2017-04-30 22:46:35', '2017-04-30 22:46:53', '79678a02-f801-4ffe-8a42-97a2b1d778db'),
 ('12', '12', 'en_us', 'root-cause', 'blog/root-cause', '1', '2017-04-30 22:49:51', '2017-04-30 22:50:34', 'd993cf0a-e683-4399-b8c8-5c5451ee8d3d'),
 ('13', '13', 'en_us', 'game', NULL, '1', '2017-04-30 22:52:22', '2017-04-30 22:52:22', '1169709f-9c1f-409c-a8a1-6e53c8bf97fd'),
 ('14', '14', 'en_us', 'concerts', NULL, '1', '2017-04-30 22:52:28', '2017-04-30 22:52:28', 'f90ab62c-37c0-41e6-a01e-bc06a72d373e'),
 ('15', '15', 'en_us', 'the-game', 'blog/the-game', '1', '2017-04-30 22:52:57', '2017-04-30 22:52:57', 'f3078147-7478-418a-ba94-5aec58e1c94e'),
 ('16', '16', 'en_us', 'wishes', 'blog/wishes', '1', '2017-04-30 22:54:54', '2017-04-30 22:55:52', '5c858be9-f8ea-46ea-985e-0e603aa6a509'),
 ('17', '17', 'en_us', 'tiny-lig', NULL, '1', '2017-04-30 22:55:45', '2017-04-30 22:55:45', '9b6d5733-7ca8-4d31-b6ae-c8b5284ca770'),
 ('18', '18', 'en_us', 'ween', NULL, '1', '2017-04-30 22:55:48', '2017-04-30 22:55:48', 'e06fa065-7ce8-4c7f-aeca-2441a7c8486c'),
 ('19', '19', 'en_us', 'nodonutstoday', NULL, '1', '2017-04-30 22:56:38', '2017-04-30 22:56:38', '8846bde5-0137-4b14-be75-bff7d67b9bc4'),
 ('20', '20', 'en_us', 'no-donuts-today', 'blog/no-donuts-today', '1', '2017-04-30 22:57:03', '2017-04-30 22:57:03', 'b635ced5-b845-414a-9dab-0956dd41b688'),
 ('21', '21', 'en_us', 'worklifebalance', NULL, '1', '2017-04-30 22:58:03', '2017-04-30 22:58:03', 'ad2ca1ea-57af-40fd-8a94-f01cc4f1a257'),
 ('22', '22', 'en_us', 'complaints', NULL, '1', '2017-04-30 22:58:18', '2017-04-30 22:58:18', 'a26db3c0-1f22-4bc6-b50a-39d52d81a32e'),
 ('23', '23', 'en_us', 'bleh', 'blog/bleh', '1', '2017-04-30 22:58:20', '2017-04-30 22:58:20', '588a1742-596e-4661-a14c-9f1f79bba107'),
 ('24', '24', 'en_us', 'video', NULL, '1', '2017-04-30 22:59:52', '2017-04-30 22:59:52', '68936485-578b-4ba4-a124-e00dd26258a1'),
 ('25', '25', 'en_us', 'funny', NULL, '1', '2017-04-30 22:59:58', '2017-04-30 22:59:58', 'f641a268-20b7-44c5-ac25-ab84e8a92b1d'),
 ('26', '26', 'en_us', 'hockey', NULL, '1', '2017-04-30 23:00:03', '2017-04-30 23:00:03', '77fa86f4-d12b-44e9-95f9-fd19e7d8f575'),
 ('27', '27', 'en_us', 'canadian-daycare', 'blog/canadian-daycare', '1', '2017-04-30 23:00:09', '2017-04-30 23:00:37', 'dd7a6902-816d-41db-aec5-2fea138309cb'),
 ('28', '28', 'en_us', 'persistent', 'blog/persistent', '1', '2017-04-30 23:03:28', '2017-04-30 23:03:28', '1f41f0ad-e7d3-404d-bacd-dd99cb4d31a5'),
 ('29', '29', 'en_us', 'road-trip', NULL, '1', '2017-04-30 23:14:08', '2017-04-30 23:14:08', 'b6aee66e-7961-4471-8565-ae7147b41c9e'),
 ('30', '30', 'en_us', 'elz', NULL, '1', '2017-04-30 23:15:52', '2017-04-30 23:15:52', 'dbb540ff-6a9e-4567-8778-f277dc7173a6'),
 ('31', '31', 'en_us', 'anniversary', NULL, '1', '2017-04-30 23:15:56', '2017-04-30 23:15:56', 'f98191e4-71cf-457e-a889-40037ba6b84f'),
 ('32', '32', 'en_us', 'four-years', 'blog/four-years', '1', '2017-04-30 23:18:32', '2017-04-30 23:18:32', '021ff940-fe8b-41d0-806d-7b2fdf14837a'),
 ('33', '33', 'en_us', 'stranger-in-the-alps', NULL, '1', '2017-04-30 23:20:23', '2017-04-30 23:20:23', 'e3e68df7-9e6d-4f30-b896-752de12da857'),
 ('34', '34', 'en_us', 'lebowski', NULL, '1', '2017-04-30 23:20:49', '2017-04-30 23:20:49', 'ede4b0b0-c466-406f-95c4-994e21f015f0'),
 ('35', '35', 'en_us', 'the-big-lebowski', NULL, '1', '2017-04-30 23:21:06', '2017-04-30 23:21:06', '3cccc179-0243-41bc-819b-453c92403885'),
 ('36', '36', 'en_us', 'you-got-a-date-wednesday', 'blog/you-got-a-date-wednesday', '1', '2017-04-30 23:21:45', '2017-04-30 23:21:45', '31f83ffb-973c-417c-ac4f-e8a2815986bf'),
 ('37', '37', 'en_us', 'spicy', NULL, '1', '2017-04-30 23:24:32', '2017-04-30 23:24:32', '6b0be137-39c6-474f-82dc-969f1bab1384'),
 ('38', '38', 'en_us', 'spicy-time', NULL, '1', '2017-04-30 23:24:38', '2017-04-30 23:24:38', '2840ba50-ae8d-4f64-900f-fc1213469a30'),
 ('39', '39', 'en_us', 'sat-writing-language-question-nightmares', 'blog/sat-writing-language-question-nightmares', '1', '2017-04-30 23:24:46', '2017-04-30 23:25:35', '7f82df89-bff0-4c43-8f81-34e68de92874'),
 ('40', '40', 'en_us', 'word-salad', NULL, '1', '2017-04-30 23:25:14', '2017-04-30 23:25:14', '816657aa-1d1e-46e0-b5ff-844ba0c633f2'),
 ('41', '41', 'en_us', 'sean-spicer', NULL, '1', '2017-04-30 23:25:29', '2017-04-30 23:25:29', '28c06845-638d-498c-96c6-9c4dbef554a7');



DROP TABLE IF EXISTS `craft_emailmessages`;


--
-- Schema for table `craft_emailmessages`
--
CREATE TABLE `craft_emailmessages` (
  `id` int(11) NOT NULL AUTO_INCREMENT,
  `key` char(150) COLLATE utf8_unicode_ci NOT NULL,
  `locale` char(12) COLLATE utf8_unicode_ci NOT NULL,
  `subject` varchar(1000) COLLATE utf8_unicode_ci NOT NULL,
  `body` text COLLATE utf8_unicode_ci NOT NULL,
  `dateCreated` datetime NOT NULL,
  `dateUpdated` datetime NOT NULL,
  `uid` char(36) COLLATE utf8_unicode_ci NOT NULL DEFAULT '0',
  PRIMARY KEY (`id`),
  UNIQUE KEY `craft_emailmessages_key_locale_unq_idx` (`key`,`locale`),
  KEY `craft_emailmessages_locale_fk` (`locale`)
) ENGINE=InnoDB DEFAULT CHARSET=utf8 COLLATE=utf8_unicode_ci;

DROP TABLE IF EXISTS `craft_entries`;


--
-- Schema for table `craft_entries`
--
CREATE TABLE `craft_entries` (
  `id` int(11) NOT NULL,
  `sectionId` int(11) NOT NULL,
  `typeId` int(11) DEFAULT NULL,
  `authorId` int(11) DEFAULT NULL,
  `postDate` datetime DEFAULT NULL,
  `expiryDate` datetime DEFAULT NULL,
  `dateCreated` datetime NOT NULL,
  `dateUpdated` datetime NOT NULL,
  `uid` char(36) COLLATE utf8_unicode_ci NOT NULL DEFAULT '0',
  PRIMARY KEY (`id`),
  KEY `craft_entries_sectionId_idx` (`sectionId`),
  KEY `craft_entries_typeId_idx` (`typeId`),
  KEY `craft_entries_postDate_idx` (`postDate`),
  KEY `craft_entries_expiryDate_idx` (`expiryDate`),
  KEY `craft_entries_authorId_fk` (`authorId`)
) ENGINE=InnoDB DEFAULT CHARSET=utf8 COLLATE=utf8_unicode_ci;

--
-- Data for table `craft_entries`
--

INSERT INTO `craft_entries` (`id`, `sectionId`, `typeId`, `authorId`, `postDate`, `expiryDate`, `dateCreated`, `dateUpdated`, `uid`) VALUES
 ('2', '1', NULL, NULL, '2017-04-29 02:37:23', NULL, '2017-04-29 02:37:23', '2017-04-29 02:37:23', '81581a7b-d3f8-4593-97d7-52dc33765b80'),
 ('6', '3', '4', '1', '2017-04-30 22:05:47', NULL, '2017-04-30 22:05:47', '2017-04-30 22:05:47', '04fad8db-1bcb-48e9-93b1-4db3c2427612'),
 ('8', '3', '5', '1', '2017-04-30 22:34:02', NULL, '2017-04-30 22:34:02', '2017-04-30 22:34:02', 'c65db1d2-8fed-49cf-988a-4f14b1038ee0'),
 ('9', '3', '5', '1', '2017-04-30 06:30:00', NULL, '2017-04-30 22:35:50', '2017-04-30 22:35:50', '8136a085-5cbd-43bf-9480-87a27f787377'),
 ('12', '3', '3', '1', '2017-04-28 15:51:00', NULL, '2017-04-30 22:49:51', '2017-04-30 22:50:34', '4e0618e9-e081-42e5-90b5-aee4e47f7a2e'),
 ('15', '3', '3', '1', '2017-04-27 14:51:00', NULL, '2017-04-30 22:52:57', '2017-04-30 22:52:57', '466391b8-6f95-4530-b48d-a5916de92564'),
 ('16', '3', '5', '1', '2017-04-27 02:30:00', NULL, '2017-04-30 22:54:54', '2017-04-30 22:55:52', '50d515b9-8c47-4af3-9a2b-52236e17333f'),
 ('20', '3', '5', '1', '2017-04-22 16:30:00', NULL, '2017-04-30 22:57:03', '2017-04-30 22:57:03', '3d327638-3e41-4dcb-a269-0e287a65bdc7'),
 ('23', '3', '5', '1', '2017-04-21 21:10:00', NULL, '2017-04-30 22:58:20', '2017-04-30 22:58:20', 'aa6a9725-dbd5-401b-9aa8-fdebf606070e'),
 ('27', '3', '4', '1', '2017-04-21 16:10:00', NULL, '2017-04-30 23:00:09', '2017-04-30 23:00:37', '14ec476d-8963-41b2-aa48-34cf5d105af9'),
 ('28', '3', '5', '1', '2017-04-19 15:15:00', NULL, '2017-04-30 23:03:28', '2017-04-30 23:03:28', 'ff62317c-93c6-4fce-a5ee-a97528325032'),
 ('32', '3', '6', '1', '2017-04-17 20:30:00', NULL, '2017-04-30 23:18:32', '2017-04-30 23:18:32', '8a5e974d-2c3d-4b83-a47c-b140743374c4'),
 ('36', '3', '6', '1', '2017-04-12 20:50:00', NULL, '2017-04-30 23:21:45', '2017-04-30 23:21:45', 'fc13b541-3cfc-4659-9f16-2b505c7c332f'),
 ('39', '3', '3', '1', '2017-04-11 20:50:00', NULL, '2017-04-30 23:24:46', '2017-04-30 23:25:35', '38a3e3d5-6b44-4035-9d06-3ffa20044279');



DROP TABLE IF EXISTS `craft_entrydrafts`;


--
-- Schema for table `craft_entrydrafts`
--
CREATE TABLE `craft_entrydrafts` (
  `id` int(11) NOT NULL AUTO_INCREMENT,
  `entryId` int(11) NOT NULL,
  `sectionId` int(11) NOT NULL,
  `creatorId` int(11) NOT NULL,
  `locale` char(12) COLLATE utf8_unicode_ci NOT NULL,
  `name` varchar(255) COLLATE utf8_unicode_ci NOT NULL,
  `notes` tinytext COLLATE utf8_unicode_ci,
  `data` mediumtext COLLATE utf8_unicode_ci NOT NULL,
  `dateCreated` datetime NOT NULL,
  `dateUpdated` datetime NOT NULL,
  `uid` char(36) COLLATE utf8_unicode_ci NOT NULL DEFAULT '0',
  PRIMARY KEY (`id`),
  KEY `craft_entrydrafts_entryId_locale_idx` (`entryId`,`locale`),
  KEY `craft_entrydrafts_sectionId_fk` (`sectionId`),
  KEY `craft_entrydrafts_creatorId_fk` (`creatorId`),
  KEY `craft_entrydrafts_locale_fk` (`locale`)
) ENGINE=InnoDB DEFAULT CHARSET=utf8 COLLATE=utf8_unicode_ci;

DROP TABLE IF EXISTS `craft_entrytypes`;


--
-- Schema for table `craft_entrytypes`
--
CREATE TABLE `craft_entrytypes` (
  `id` int(11) NOT NULL AUTO_INCREMENT,
  `sectionId` int(11) NOT NULL,
  `fieldLayoutId` int(11) DEFAULT NULL,
  `name` varchar(255) COLLATE utf8_unicode_ci NOT NULL,
  `handle` varchar(255) COLLATE utf8_unicode_ci NOT NULL,
  `hasTitleField` tinyint(1) unsigned NOT NULL DEFAULT '1',
  `titleLabel` varchar(255) COLLATE utf8_unicode_ci DEFAULT 'Title',
  `titleFormat` varchar(255) COLLATE utf8_unicode_ci DEFAULT NULL,
  `sortOrder` smallint(6) unsigned DEFAULT NULL,
  `dateCreated` datetime NOT NULL,
  `dateUpdated` datetime NOT NULL,
  `uid` char(36) COLLATE utf8_unicode_ci NOT NULL DEFAULT '0',
  PRIMARY KEY (`id`),
  UNIQUE KEY `craft_entrytypes_name_sectionId_unq_idx` (`name`,`sectionId`),
  UNIQUE KEY `craft_entrytypes_handle_sectionId_unq_idx` (`handle`,`sectionId`),
  KEY `craft_entrytypes_sectionId_fk` (`sectionId`),
  KEY `craft_entrytypes_fieldLayoutId_fk` (`fieldLayoutId`)
) ENGINE=InnoDB AUTO_INCREMENT=7 DEFAULT CHARSET=utf8 COLLATE=utf8_unicode_ci;

--
-- Data for table `craft_entrytypes`
--

INSERT INTO `craft_entrytypes` (`id`, `sectionId`, `fieldLayoutId`, `name`, `handle`, `hasTitleField`, `titleLabel`, `titleFormat`, `sortOrder`, `dateCreated`, `dateUpdated`, `uid`) VALUES
 ('1', '1', '3', 'Homepage', 'homepage', '1', 'Title', NULL, '1', '2017-04-29 02:37:23', '2017-04-29 02:37:23', '062dd390-62c3-490b-b102-4d2c33ca2bf1'),
 ('3', '3', '11', 'Blog Post', 'blogPost', '1', 'Title', NULL, '1', '2017-04-30 01:15:34', '2017-04-30 22:39:36', '92844ee3-bae9-4204-ba20-9fe89c326b83'),
 ('4', '3', '9', 'Link', 'link', '1', 'Title', NULL, '2', '2017-04-30 22:01:10', '2017-04-30 22:02:40', 'a122e946-4b92-4b2d-8227-02e2fbd10845'),
 ('5', '3', '10', 'Status Update', 'statusUpdate', '1', 'Title', NULL, '3', '2017-04-30 22:31:48', '2017-04-30 22:31:48', '4cf0fa10-1fce-469f-b036-7a34c2c07cbb'),
 ('6', '3', '13', 'Blog Feature Post', 'blogFeaturePost', '1', 'Title', NULL, '4', '2017-04-30 23:12:40', '2017-04-30 23:12:40', 'daebc854-5443-4280-bb9e-b296defdfc57');



DROP TABLE IF EXISTS `craft_entryversions`;


--
-- Schema for table `craft_entryversions`
--
CREATE TABLE `craft_entryversions` (
  `id` int(11) NOT NULL AUTO_INCREMENT,
  `entryId` int(11) NOT NULL,
  `sectionId` int(11) NOT NULL,
  `creatorId` int(11) DEFAULT NULL,
  `locale` char(12) COLLATE utf8_unicode_ci NOT NULL,
  `num` smallint(6) unsigned NOT NULL,
  `notes` tinytext COLLATE utf8_unicode_ci,
  `data` mediumtext COLLATE utf8_unicode_ci NOT NULL,
  `dateCreated` datetime NOT NULL,
  `dateUpdated` datetime NOT NULL,
  `uid` char(36) COLLATE utf8_unicode_ci NOT NULL DEFAULT '0',
  PRIMARY KEY (`id`),
  KEY `craft_entryversions_entryId_locale_idx` (`entryId`,`locale`),
  KEY `craft_entryversions_sectionId_fk` (`sectionId`),
  KEY `craft_entryversions_creatorId_fk` (`creatorId`),
  KEY `craft_entryversions_locale_fk` (`locale`)
) ENGINE=InnoDB AUTO_INCREMENT=22 DEFAULT CHARSET=utf8 COLLATE=utf8_unicode_ci;

--
-- Data for table `craft_entryversions`
--

INSERT INTO `craft_entryversions` (`id`, `entryId`, `sectionId`, `creatorId`, `locale`, `num`, `notes`, `data`, `dateCreated`, `dateUpdated`, `uid`) VALUES
 ('1', '2', '1', '1', 'en_us', '1', NULL, '{\"typeId\":\"1\",\"authorId\":null,\"title\":\"Homepage\",\"slug\":\"homepage\",\"postDate\":1493433443,\"expiryDate\":null,\"enabled\":1,\"parentId\":null,\"fields\":[]}', '2017-04-29 02:37:23', '2017-04-29 02:37:23', '796d2bb9-2052-4df4-9146-55d29c053d65'),
 ('2', '2', '1', '1', 'en_us', '2', NULL, '{\"typeId\":null,\"authorId\":null,\"title\":\"Welcome to Blackfez.com!\",\"slug\":\"homepage\",\"postDate\":1493433443,\"expiryDate\":null,\"enabled\":\"1\",\"parentId\":null,\"fields\":{\"1\":\"<p>It\\u2019s true, this site doesn\\u2019t have a whole lot of content yet, but don\\u2019t worry. Our web developers have just installed the CMS, and they\\u2019re setting things up for the content editors this very moment. Soon Blackfez.com will be an oasis of fresh perspectives, sharp analyses, and astute opinions that will keep you coming back again and again.<\\/p>\"}}', '2017-04-29 02:37:23', '2017-04-29 02:37:23', 'ef27f723-ae02-4625-bb63-e9adfe7066f1'),
 ('4', '6', '3', '1', 'en_us', '1', '', '{\"typeId\":\"4\",\"authorId\":\"1\",\"title\":\"Craft CMS\",\"slug\":\"craft-cms\",\"postDate\":1493589947,\"expiryDate\":null,\"enabled\":1,\"parentId\":null,\"fields\":{\"1\":\"<p>My new favorite <abbr title=\\\"Content Management System\\\">CMS<\\/abbr>.  The melding of control and flexibility is intoxicating.<\\/p>\",\"3\":\"https:\\/\\/craftcms.com\",\"2\":[\"4\",\"5\"]}}', '2017-04-30 22:05:47', '2017-04-30 22:05:47', '3d8f3d9f-b3a3-4da9-9cf2-91cfeab6b1e8'),
 ('5', '8', '3', '1', 'en_us', '1', '', '{\"typeId\":\"5\",\"authorId\":\"1\",\"title\":\"Doing it!\",\"slug\":\"doing-it\",\"postDate\":1493591642,\"expiryDate\":null,\"enabled\":1,\"parentId\":null,\"fields\":{\"1\":\"<p>Starting to build out some sample content for the new and improved Craft-based Nix Quips.&nbsp; A joy and a half.<\\/p>\",\"2\":[\"5\",\"7\"]}}', '2017-04-30 22:34:02', '2017-04-30 22:34:02', 'f2d0f489-6c11-4fe8-bd7f-ca1df1517999'),
 ('6', '9', '3', '1', 'en_us', '1', '', '{\"typeId\":\"5\",\"authorId\":\"1\",\"title\":\"My new favorite thing\",\"slug\":\"my-new-favorite-thing\",\"postDate\":1493533800,\"expiryDate\":null,\"enabled\":1,\"parentId\":null,\"fields\":{\"1\":\"<p>Craft CMS is my new favorite thing.&nbsp; Well, as much as something written in PHP can qualify anyway.&nbsp; But, seriously, the UI is slick and the flexibility supports any data model I want to throw at it.&nbsp; Best of all, the HTML is exactly as clean and sparse as I make it.&nbsp; <\\/p><p>Sure, we\'re still in the salad days, but I got further with Craft in six hours than I ever did in the several weeks I played with Drupal.<\\/p>\",\"2\":[\"7\",\"5\"]}}', '2017-04-30 22:35:50', '2017-04-30 22:35:50', '0e64c336-da89-4545-9429-090ab0e3b8ee'),
 ('7', '12', '3', '1', 'en_us', '1', '', '{\"typeId\":\"3\",\"authorId\":\"1\",\"title\":\"Root cause\",\"slug\":\"root-cause\",\"postDate\":1493592591,\"expiryDate\":null,\"enabled\":1,\"parentId\":null,\"fields\":{\"1\":\"<p>I think we\'re finally at root cause for the front wheel bearings issue that has plagued Matilda.&nbsp; Previous owner did a lousy job of swapping in a custom wheel and it didn\'t fit well on the hub without some spacers.&nbsp; The spacers were fiddly at best and when they shifted the out-of-true-ness made quick work of the bearings.&nbsp; Dillon Bros is going to eat the replacement cost of an OEM Sportster front wheel as well as the bearings.&nbsp; <\\/p><h3>The Good: <\\/h3><ul><li>It\'s always good to find root cause<\\/li><li>Fixed at no cost to me<\\/li><li>New wheel, presumably without the warp in the rim<\\/li><li>I\'m not completely pissed with the dealer<\\/li><\\/ul><h3>The Bad:<\\/h3><ul><li>They sold a bike with a bum wheel<\\/li><li>They replaced the bearings and put the bum wheel with the fiddly spacers on the bike last July without mentioning the issue<\\/li><li>They replaced the tire a few weeks ago which involves re-mounting the front wheel and again didn\'t mention an issue with a custom wheel with fiddly spacers<\\/li><li>The previous three points don\'t instill much confidence in the dealer\'s repair shop.<\\/li><li>I\'m bike-free until late next week.&nbsp; 2+ weeks of no riding :\'(<\\/li><\\/ul><h3><\\/h3><h3><\\/h3>\",\"2\":[\"10\",\"11\"]}}', '2017-04-30 22:49:51', '2017-04-30 22:49:51', 'd86778df-f4f8-4e83-b9cc-d34186e70ebb'),
 ('8', '12', '3', '1', 'en_us', '2', '', '{\"typeId\":\"3\",\"authorId\":\"1\",\"title\":\"Root cause\",\"slug\":\"root-cause\",\"postDate\":1493394660,\"expiryDate\":null,\"enabled\":1,\"parentId\":null,\"fields\":{\"1\":\"<p>I think we\'re finally at root cause for the front wheel bearings issue that has plagued Matilda.&nbsp; Previous owner did a lousy job of swapping in a custom wheel and it didn\'t fit well on the hub without some spacers.&nbsp; The spacers were fiddly at best and when they shifted the out-of-true-ness made quick work of the bearings.&nbsp; Dillon Bros is going to eat the replacement cost of an OEM Sportster front wheel as well as the bearings.&nbsp; <\\/p>\\r\\n<h3>The Good: <\\/h3>\\r\\n<ul><li>It\'s always good to find root cause<\\/li><li>Fixed at no cost to me<\\/li><li>New wheel, presumably without the warp in the rim<\\/li><li>I\'m not completely pissed with the dealer<\\/li><\\/ul>\\r\\n<h3>The Bad:<\\/h3>\\r\\n<ul><li>They sold a bike with a bum wheel<\\/li><li>They replaced the bearings and put the bum wheel with the fiddly spacers on the bike last July without mentioning the issue<\\/li><li>They replaced the tire a few weeks ago which involves re-mounting the front wheel and again didn\'t mention an issue with a custom wheel with fiddly spacers<\\/li><li>The previous three points don\'t instill much confidence in the dealer\'s repair shop.<\\/li><li>I\'m bike-free until late next week.&nbsp; 2+ weeks of no riding :\'(<\\/li><\\/ul>\",\"2\":[\"10\",\"11\"]}}', '2017-04-30 22:50:34', '2017-04-30 22:50:34', '0e95da69-ad09-40da-8545-747948478f2c'),
 ('9', '15', '3', '1', 'en_us', '1', '', '{\"typeId\":\"3\",\"authorId\":\"1\",\"title\":\"The game\",\"slug\":\"the-game\",\"postDate\":1493304660,\"expiryDate\":null,\"enabled\":1,\"parentId\":null,\"fields\":{\"1\":\"<p>The ten concerts, nine of which I\'ve attended game:<\\/p><ol><li>The Monkees<\\/li><li>Camper Van Beethoven<\\/li><li>The Dead Milkmen<\\/li><li>REM<\\/li><li>Depeche Mode<\\/li><li>The Eagles<\\/li><li>Jane\'s Addiction<\\/li><li>Pharoah Sanders<\\/li><li>Johnny Cash<\\/li><li>Southern Culture on the Skids<\\/li><\\/ol>\",\"2\":[\"13\",\"14\"]}}', '2017-04-30 22:52:57', '2017-04-30 22:52:57', 'a867fb3d-ac9e-4d14-be72-9fedb2b3bef3'),
 ('10', '16', '3', '1', 'en_us', '1', '', '{\"typeId\":\"5\",\"authorId\":\"1\",\"title\":\"Wishes\",\"slug\":\"wishes\",\"postDate\":1493592894,\"expiryDate\":null,\"enabled\":1,\"parentId\":null,\"fields\":{\"1\":\"<p>I really wish I could find my Tiny Lights CDs.&nbsp; I want to say that Ween\'s <cite>Roses Are Free<\\/cite> is a straight up theft of a song on <cite>Milky Juicy<\\/cite>.&nbsp; Which is understandable since TL\'s bassist went on to play bass for Ween.<\\/p>\",\"2\":\"\"}}', '2017-04-30 22:54:54', '2017-04-30 22:54:54', '1e097b00-027a-493d-803e-b150a229d0f8'),
 ('11', '16', '3', '1', 'en_us', '2', '', '{\"typeId\":\"5\",\"authorId\":\"1\",\"title\":\"Wishes\",\"slug\":\"wishes\",\"postDate\":1493260200,\"expiryDate\":null,\"enabled\":1,\"parentId\":null,\"fields\":{\"1\":\"<p>I really wish I could find my Tiny Lights CDs.&nbsp; I want to say that Ween\'s <cite>Roses Are Free<\\/cite> is a straight up theft of a song on <cite>Milky Juicy<\\/cite>.&nbsp; Which is understandable since TL\'s bassist went on to play bass for Ween.<\\/p>\",\"2\":\"\"}}', '2017-04-30 22:55:22', '2017-04-30 22:55:22', '3dea1bd0-c524-42cd-a3ce-7f280911e909'),
 ('12', '16', '3', '1', 'en_us', '3', '', '{\"typeId\":\"5\",\"authorId\":\"1\",\"title\":\"Wishes\",\"slug\":\"wishes\",\"postDate\":1493260200,\"expiryDate\":null,\"enabled\":1,\"parentId\":null,\"fields\":{\"1\":\"<p>I really wish I could find my Tiny Lights CDs.&nbsp; I want to say that Ween\'s <cite>Roses Are Free<\\/cite> is a straight up theft of a song on <cite>Milky Juicy<\\/cite>.&nbsp; Which is understandable since TL\'s bassist went on to play bass for Ween.<\\/p>\",\"2\":[\"17\",\"18\"]}}', '2017-04-30 22:55:52', '2017-04-30 22:55:52', 'bb3a7066-a0f4-43d0-84d0-2dc8a400df44'),
 ('13', '20', '3', '1', 'en_us', '1', '', '{\"typeId\":\"5\",\"authorId\":\"1\",\"title\":\"No donuts today\",\"slug\":\"no-donuts-today\",\"postDate\":1492878600,\"expiryDate\":null,\"enabled\":1,\"parentId\":null,\"fields\":{\"1\":\"<p>Stupid front wheel bearings.<\\/p>\",\"2\":[\"19\",\"10\"]}}', '2017-04-30 22:57:03', '2017-04-30 22:57:03', 'a501158d-d142-4704-a8c4-78da9b0835d9'),
 ('14', '23', '3', '1', 'en_us', '1', '', '{\"typeId\":\"5\",\"authorId\":\"1\",\"title\":\"Bleh\",\"slug\":\"bleh\",\"postDate\":1492809000,\"expiryDate\":null,\"enabled\":1,\"parentId\":null,\"fields\":{\"1\":\"<p>The kind of work week that makes black-out drinking sound appealing.<\\/p>\",\"2\":[\"21\",\"22\"]}}', '2017-04-30 22:58:20', '2017-04-30 22:58:20', 'cd70d32b-930b-4271-a947-8fb895637362'),
 ('15', '27', '3', '1', 'en_us', '1', '', '{\"typeId\":\"4\",\"authorId\":\"1\",\"title\":\"Canadian daycare\",\"slug\":\"canadian-daycare\",\"postDate\":1493593209,\"expiryDate\":null,\"enabled\":1,\"parentId\":null,\"fields\":{\"1\":\"\",\"3\":\"https:\\/\\/www.facebook.com\\/YourEverydayCanadian\\/videos\\/1877505392537260\\/\",\"2\":[\"24\",\"25\",\"26\"]}}', '2017-04-30 23:00:09', '2017-04-30 23:00:09', '62b5bcb4-bc20-45e4-b513-b6a3f656fa08'),
 ('16', '27', '3', '1', 'en_us', '2', '', '{\"typeId\":\"4\",\"authorId\":\"1\",\"title\":\"Canadian daycare\",\"slug\":\"canadian-daycare\",\"postDate\":1492791000,\"expiryDate\":null,\"enabled\":1,\"parentId\":null,\"fields\":{\"1\":\"\",\"3\":\"https:\\/\\/www.facebook.com\\/YourEverydayCanadian\\/videos\\/1877505392537260\\/\",\"2\":[\"24\",\"25\",\"26\"]}}', '2017-04-30 23:00:37', '2017-04-30 23:00:37', 'c5485f1d-0ceb-403e-8a17-8dc165c8bc97'),
 ('17', '28', '3', '1', 'en_us', '1', '', '{\"typeId\":\"5\",\"authorId\":\"1\",\"title\":\"Persistent\",\"slug\":\"persistent\",\"postDate\":1492614900,\"expiryDate\":null,\"enabled\":1,\"parentId\":null,\"fields\":{\"1\":\"<p>Read this line in a forum post just now:<blockquote>I\'m as persistent as a broccoli fart in a sleeping bag.<\\/blockquote>My day is slightly better now.<\\/p>\",\"2\":\"\"}}', '2017-04-30 23:03:28', '2017-04-30 23:03:28', '93fc30b4-bd35-48cb-a1ac-3ef72878b162'),
 ('18', '32', '3', '1', 'en_us', '1', '', '{\"typeId\":\"6\",\"authorId\":\"1\",\"title\":\"Four years!\",\"slug\":\"four-years\",\"postDate\":1492461000,\"expiryDate\":null,\"enabled\":1,\"parentId\":null,\"fields\":{\"4\":[\"29\"],\"1\":\"<p>This lady right here finally took me up on my marriage proposal four years ago today.&nbsp; Together we\'ve gone many miles and there are still so many wonderful miles ahead.&nbsp; I don\'t know where we\'re going, but I know we\'re having a good time getting there.&nbsp; <\\/p><p>I love you, <a href=\\\"https:\\/\\/www.facebook.com\\/elzshotwell\\\">Elizabeth<\\/a>.&nbsp; To the ends of the Earth and back.<\\/p>\",\"2\":[\"30\",\"31\"]}}', '2017-04-30 23:18:32', '2017-04-30 23:18:32', '943f0b58-54ac-487f-85f8-3e285ce27d04'),
 ('19', '36', '3', '1', 'en_us', '1', '', '{\"typeId\":\"6\",\"authorId\":\"1\",\"title\":\"You got a date Wednesday!\",\"slug\":\"you-got-a-date-wednesday\",\"postDate\":1492030200,\"expiryDate\":null,\"enabled\":1,\"parentId\":null,\"fields\":{\"4\":[\"33\"],\"1\":\"<p>Mini Lebowski Fest starts in just over three hours, Larry!<\\/p>\",\"2\":[\"35\"]}}', '2017-04-30 23:21:45', '2017-04-30 23:21:45', '6c9e30ee-7174-43f4-ae99-5ecb5efc2fd4'),
 ('20', '39', '3', '1', 'en_us', '1', '', '{\"typeId\":\"3\",\"authorId\":\"1\",\"title\":\"SAT Writing & Language Question Nightmares\",\"slug\":\"sat-writing-language-question-nightmares\",\"postDate\":1491943800,\"expiryDate\":null,\"enabled\":1,\"parentId\":null,\"fields\":{\"1\":\"<p>Diagram the following sentence:<\\/p><blockquote>I I think when you come to sarin gas, uh, there was no, he was not using the gas on his own people the same way that Ashad is doing - I mean there was clearly I - I - I - I understand - [crosstalk] - thank you, thank you, I appreciate that - there was... not, in the, in the he brought \'em to, to, uhm, to the Holocaust centers - I understand that - but on the saying in the way the Assad used them where he went into towns, dropped \'em down to innocent into the middle of towns, it was brought to it, so the use of it I appreciate the clarification.<\\/blockquote>\",\"2\":\"\"}}', '2017-04-30 23:24:46', '2017-04-30 23:24:46', '73f17c9f-4a38-4373-8b82-29dcf5b05d19'),
 ('21', '39', '3', '1', 'en_us', '2', '', '{\"typeId\":\"3\",\"authorId\":\"1\",\"title\":\"SAT Writing & Language Question Nightmares\",\"slug\":\"sat-writing-language-question-nightmares\",\"postDate\":1491943800,\"expiryDate\":null,\"enabled\":1,\"parentId\":null,\"fields\":{\"1\":\"<p>Diagram the following sentence:<\\/p>\\r\\n<blockquote>I I think when you come to sarin gas, uh, there was no, he was not using the gas on his own people the same way that Ashad is doing - I mean there was clearly I - I - I - I understand - [crosstalk] - thank you, thank you, I appreciate that - there was... not, in the, in the he brought \'em to, to, uhm, to the Holocaust centers - I understand that - but on the saying in the way the Assad used them where he went into towns, dropped \'em down to innocent into the middle of towns, it was brought to it, so the use of it I appreciate the clarification.<\\/blockquote>\",\"2\":[\"38\",\"40\",\"41\"]}}', '2017-04-30 23:25:35', '2017-04-30 23:25:35', '821309c6-2fa5-40f9-8aee-8b1848b43a00');



DROP TABLE IF EXISTS `craft_fieldgroups`;


--
-- Schema for table `craft_fieldgroups`
--
CREATE TABLE `craft_fieldgroups` (
  `id` int(11) NOT NULL AUTO_INCREMENT,
  `name` varchar(255) COLLATE utf8_unicode_ci NOT NULL,
  `dateCreated` datetime NOT NULL,
  `dateUpdated` datetime NOT NULL,
  `uid` char(36) COLLATE utf8_unicode_ci NOT NULL DEFAULT '0',
  PRIMARY KEY (`id`),
  UNIQUE KEY `craft_fieldgroups_name_unq_idx` (`name`)
) ENGINE=InnoDB AUTO_INCREMENT=4 DEFAULT CHARSET=utf8 COLLATE=utf8_unicode_ci;

--
-- Data for table `craft_fieldgroups`
--

INSERT INTO `craft_fieldgroups` (`id`, `name`, `dateCreated`, `dateUpdated`, `uid`) VALUES
 ('1', 'Default', '2017-04-29 02:37:22', '2017-04-29 02:37:22', 'd07ed5ce-789c-4447-9109-bf88104e07b5'),
 ('3', 'Blog', '2017-04-30 23:09:39', '2017-04-30 23:09:39', '14becd88-13db-4946-942b-f140ac52424a');



DROP TABLE IF EXISTS `craft_fieldlayoutfields`;


--
-- Schema for table `craft_fieldlayoutfields`
--
CREATE TABLE `craft_fieldlayoutfields` (
  `id` int(11) NOT NULL AUTO_INCREMENT,
  `layoutId` int(11) NOT NULL,
  `tabId` int(11) NOT NULL,
  `fieldId` int(11) NOT NULL,
  `required` tinyint(1) unsigned NOT NULL DEFAULT '0',
  `sortOrder` smallint(6) unsigned DEFAULT NULL,
  `dateCreated` datetime NOT NULL,
  `dateUpdated` datetime NOT NULL,
  `uid` char(36) COLLATE utf8_unicode_ci NOT NULL DEFAULT '0',
  PRIMARY KEY (`id`),
  UNIQUE KEY `craft_fieldlayoutfields_layoutId_fieldId_unq_idx` (`layoutId`,`fieldId`),
  KEY `craft_fieldlayoutfields_sortOrder_idx` (`sortOrder`),
  KEY `craft_fieldlayoutfields_tabId_fk` (`tabId`),
  KEY `craft_fieldlayoutfields_fieldId_fk` (`fieldId`)
) ENGINE=InnoDB AUTO_INCREMENT=16 DEFAULT CHARSET=utf8 COLLATE=utf8_unicode_ci;

--
-- Data for table `craft_fieldlayoutfields`
--

INSERT INTO `craft_fieldlayoutfields` (`id`, `layoutId`, `tabId`, `fieldId`, `required`, `sortOrder`, `dateCreated`, `dateUpdated`, `uid`) VALUES
 ('1', '3', '1', '1', '1', '1', '2017-04-29 02:37:23', '2017-04-29 02:37:23', 'd82910d0-fb04-4f34-a961-288af444bcb5'),
 ('6', '9', '4', '3', '1', '1', '2017-04-30 22:02:40', '2017-04-30 22:02:40', '329ee2c9-0e32-48fa-9682-1e640ecd520c'),
 ('7', '9', '4', '1', '0', '2', '2017-04-30 22:02:40', '2017-04-30 22:02:40', '6a059cf5-b0bc-4ff4-8e29-eea87cf7c0d1'),
 ('8', '9', '4', '2', '0', '3', '2017-04-30 22:02:40', '2017-04-30 22:02:40', '411f20f4-9fd5-41b9-9579-16b2939fb988'),
 ('9', '10', '5', '1', '1', '1', '2017-04-30 22:31:48', '2017-04-30 22:31:48', 'b4c743a4-94e5-4043-81ec-137bd2795214'),
 ('10', '10', '5', '2', '0', '2', '2017-04-30 22:31:48', '2017-04-30 22:31:48', '44bd5d62-4d8f-4831-bf55-075f8149cf49'),
 ('11', '11', '6', '1', '0', '1', '2017-04-30 22:39:36', '2017-04-30 22:39:36', '3e028df7-0e84-4ae0-b649-6300f1a3f06d'),
 ('12', '11', '6', '2', '0', '2', '2017-04-30 22:39:36', '2017-04-30 22:39:36', '2500a20d-50bf-42dd-b5ae-da480fd1c8e1'),
 ('13', '13', '7', '4', '1', '1', '2017-04-30 23:12:40', '2017-04-30 23:12:40', '9c549d1f-8498-4a49-81ac-ec002d5575ed'),
 ('14', '13', '7', '1', '1', '2', '2017-04-30 23:12:40', '2017-04-30 23:12:40', 'beef372f-6661-4594-a979-9fec9777e58e'),
 ('15', '13', '7', '2', '0', '3', '2017-04-30 23:12:40', '2017-04-30 23:12:40', '6d468482-3ce3-4728-b163-fd58c4e3f8ef');



DROP TABLE IF EXISTS `craft_fieldlayouts`;


--
-- Schema for table `craft_fieldlayouts`
--
CREATE TABLE `craft_fieldlayouts` (
  `id` int(11) NOT NULL AUTO_INCREMENT,
  `type` varchar(150) COLLATE utf8_unicode_ci NOT NULL,
  `dateCreated` datetime NOT NULL,
  `dateUpdated` datetime NOT NULL,
  `uid` char(36) COLLATE utf8_unicode_ci NOT NULL DEFAULT '0',
  PRIMARY KEY (`id`),
  KEY `craft_fieldlayouts_type_idx` (`type`)
) ENGINE=InnoDB AUTO_INCREMENT=14 DEFAULT CHARSET=utf8 COLLATE=utf8_unicode_ci;

--
-- Data for table `craft_fieldlayouts`
--

INSERT INTO `craft_fieldlayouts` (`id`, `type`, `dateCreated`, `dateUpdated`, `uid`) VALUES
 ('1', 'Tag', '2017-04-29 02:37:22', '2017-04-29 02:37:22', '16149a01-564b-474b-9ace-2860062ae0f6'),
 ('3', 'Entry', '2017-04-29 02:37:23', '2017-04-29 02:37:23', 'f5ed08f8-69a9-4ceb-97f4-7cc9f36dbaac'),
 ('7', 'Tag', '2017-04-30 21:59:09', '2017-04-30 21:59:09', '1586cc79-a6f6-4665-a6af-46cbdd3dc039'),
 ('9', 'Entry', '2017-04-30 22:02:40', '2017-04-30 22:02:40', '78374def-2203-4857-be6f-ae242144e90c'),
 ('10', 'Entry', '2017-04-30 22:31:48', '2017-04-30 22:31:48', 'ed438c41-2d20-4689-aa66-eb707c23c8f1'),
 ('11', 'Entry', '2017-04-30 22:39:36', '2017-04-30 22:39:36', '831ce79f-f688-49b9-9d4a-e0cdf48f4345'),
 ('12', 'Asset', '2017-04-30 23:07:11', '2017-04-30 23:07:11', '4be35a30-cb71-427c-afcf-8fa0b6cabedf'),
 ('13', 'Entry', '2017-04-30 23:12:40', '2017-04-30 23:12:40', '77fbabaf-0ac5-4d85-b4e5-fa429504a049');



DROP TABLE IF EXISTS `craft_fieldlayouttabs`;


--
-- Schema for table `craft_fieldlayouttabs`
--
CREATE TABLE `craft_fieldlayouttabs` (
  `id` int(11) NOT NULL AUTO_INCREMENT,
  `layoutId` int(11) NOT NULL,
  `name` varchar(255) COLLATE utf8_unicode_ci NOT NULL,
  `sortOrder` smallint(6) unsigned DEFAULT NULL,
  `dateCreated` datetime NOT NULL,
  `dateUpdated` datetime NOT NULL,
  `uid` char(36) COLLATE utf8_unicode_ci NOT NULL DEFAULT '0',
  PRIMARY KEY (`id`),
  KEY `craft_fieldlayouttabs_sortOrder_idx` (`sortOrder`),
  KEY `craft_fieldlayouttabs_layoutId_fk` (`layoutId`)
) ENGINE=InnoDB AUTO_INCREMENT=8 DEFAULT CHARSET=utf8 COLLATE=utf8_unicode_ci;

--
-- Data for table `craft_fieldlayouttabs`
--

INSERT INTO `craft_fieldlayouttabs` (`id`, `layoutId`, `name`, `sortOrder`, `dateCreated`, `dateUpdated`, `uid`) VALUES
 ('1', '3', 'Content', '1', '2017-04-29 02:37:23', '2017-04-29 02:37:23', '09ee93a7-1cb1-4860-8774-76d649b44496'),
 ('4', '9', 'Blog Link', '1', '2017-04-30 22:02:40', '2017-04-30 22:02:40', 'd52de068-e6ed-4b97-8fcb-6a96527f09f1'),
 ('5', '10', 'Status Update', '1', '2017-04-30 22:31:48', '2017-04-30 22:31:48', '4ab108f8-34ae-4cb7-90a2-7348b5e3e49b'),
 ('6', '11', 'Blog Post', '1', '2017-04-30 22:39:36', '2017-04-30 22:39:36', '8c20ffc8-f8ce-488d-8221-cac947ee3dd2'),
 ('7', '13', 'Blog Feature Post', '1', '2017-04-30 23:12:40', '2017-04-30 23:12:40', '4c263323-574d-44b3-a2b8-174fa37f3f8d');



DROP TABLE IF EXISTS `craft_fields`;


--
-- Schema for table `craft_fields`
--
CREATE TABLE `craft_fields` (
  `id` int(11) NOT NULL AUTO_INCREMENT,
  `groupId` int(11) DEFAULT NULL,
  `name` varchar(255) COLLATE utf8_unicode_ci NOT NULL,
  `handle` varchar(58) COLLATE utf8_unicode_ci NOT NULL,
  `context` varchar(255) COLLATE utf8_unicode_ci NOT NULL DEFAULT 'global',
  `instructions` text COLLATE utf8_unicode_ci,
  `translatable` tinyint(1) unsigned NOT NULL DEFAULT '0',
  `type` varchar(150) COLLATE utf8_unicode_ci NOT NULL,
  `settings` text COLLATE utf8_unicode_ci,
  `dateCreated` datetime NOT NULL,
  `dateUpdated` datetime NOT NULL,
  `uid` char(36) COLLATE utf8_unicode_ci NOT NULL DEFAULT '0',
  PRIMARY KEY (`id`),
  UNIQUE KEY `craft_fields_handle_context_unq_idx` (`handle`,`context`),
  KEY `craft_fields_context_idx` (`context`),
  KEY `craft_fields_groupId_fk` (`groupId`)
) ENGINE=InnoDB AUTO_INCREMENT=5 DEFAULT CHARSET=utf8 COLLATE=utf8_unicode_ci;

--
-- Data for table `craft_fields`
--

INSERT INTO `craft_fields` (`id`, `groupId`, `name`, `handle`, `context`, `instructions`, `translatable`, `type`, `settings`, `dateCreated`, `dateUpdated`, `uid`) VALUES
 ('1', '1', 'Body', 'body', 'global', NULL, '1', 'RichText', '{\"configFile\":\"Standard.json\",\"columnType\":\"text\"}', '2017-04-29 02:37:22', '2017-04-29 02:37:22', '4d28f7e4-d1e8-4d18-906c-17d266355300'),
 ('2', '1', 'Tags', 'tags', 'global', NULL, '0', 'Tags', '{\"source\":\"taggroup:1\"}', '2017-04-29 02:37:23', '2017-04-29 02:37:23', '04262a23-5882-4783-bfb1-7efd309f7276'),
 ('3', '3', 'Link Url', 'linkUrl', 'global', 'The URL of the link being shared', '0', 'PlainText', '{\"placeholder\":\"http:\\/\\/www.example.com\\/\",\"maxLength\":\"\",\"multiline\":\"\",\"initialRows\":\"4\"}', '2017-04-30 21:57:34', '2017-04-30 23:09:53', 'ff82ad14-6bf9-4e08-bacf-a0e718eaffdc'),
 ('4', '3', 'Blog Feature Image', 'blogFeatureImage', 'global', 'An image that goes with a blog post as a featured image.', '0', 'Assets', '{\"useSingleFolder\":\"\",\"sources\":[\"folder:1\"],\"defaultUploadLocationSource\":\"1\",\"defaultUploadLocationSubpath\":\"\",\"singleUploadLocationSource\":\"1\",\"singleUploadLocationSubpath\":\"\",\"restrictFiles\":\"\",\"limit\":\"1\",\"viewMode\":\"large\",\"selectionLabel\":\"\"}', '2017-04-30 23:11:22', '2017-04-30 23:11:22', 'b920f253-c75f-4aa8-bd86-ab36a3a917c8');



DROP TABLE IF EXISTS `craft_globalsets`;


--
-- Schema for table `craft_globalsets`
--
CREATE TABLE `craft_globalsets` (
  `id` int(11) NOT NULL,
  `name` varchar(255) COLLATE utf8_unicode_ci NOT NULL,
  `handle` varchar(255) COLLATE utf8_unicode_ci NOT NULL,
  `fieldLayoutId` int(10) DEFAULT NULL,
  `dateCreated` datetime NOT NULL,
  `dateUpdated` datetime NOT NULL,
  `uid` char(36) COLLATE utf8_unicode_ci NOT NULL DEFAULT '0',
  PRIMARY KEY (`id`),
  UNIQUE KEY `craft_globalsets_name_unq_idx` (`name`),
  UNIQUE KEY `craft_globalsets_handle_unq_idx` (`handle`),
  KEY `craft_globalsets_fieldLayoutId_fk` (`fieldLayoutId`)
) ENGINE=InnoDB DEFAULT CHARSET=utf8 COLLATE=utf8_unicode_ci;

DROP TABLE IF EXISTS `craft_info`;


--
-- Schema for table `craft_info`
--
CREATE TABLE `craft_info` (
  `id` int(11) NOT NULL AUTO_INCREMENT,
  `version` varchar(50) COLLATE utf8_unicode_ci NOT NULL,
  `schemaVersion` varchar(15) COLLATE utf8_unicode_ci NOT NULL,
  `edition` tinyint(1) unsigned NOT NULL DEFAULT '0',
  `siteName` varchar(100) COLLATE utf8_unicode_ci NOT NULL,
  `siteUrl` varchar(255) COLLATE utf8_unicode_ci NOT NULL,
  `timezone` varchar(30) COLLATE utf8_unicode_ci DEFAULT NULL,
  `on` tinyint(1) unsigned NOT NULL DEFAULT '0',
  `maintenance` tinyint(1) unsigned NOT NULL DEFAULT '0',
  `dateCreated` datetime NOT NULL,
  `dateUpdated` datetime NOT NULL,
  `uid` char(36) COLLATE utf8_unicode_ci NOT NULL DEFAULT '0',
  PRIMARY KEY (`id`)
) ENGINE=InnoDB AUTO_INCREMENT=2 DEFAULT CHARSET=utf8 COLLATE=utf8_unicode_ci;

--
-- Data for table `craft_info`
--

INSERT INTO `craft_info` (`id`, `version`, `schemaVersion`, `edition`, `siteName`, `siteUrl`, `timezone`, `on`, `maintenance`, `dateCreated`, `dateUpdated`, `uid`) VALUES
 ('1', '2.6.2976', '2.6.9', '0', 'NixQuips', 'http://localhost/', 'America/Chicago', '1', '1', '2017-04-29 02:37:20', '2017-05-03 12:09:03', 'd226b3a9-fcbd-4b81-a03d-5c7c29e925b3');



DROP TABLE IF EXISTS `craft_locales`;


--
-- Schema for table `craft_locales`
--
CREATE TABLE `craft_locales` (
  `locale` char(12) COLLATE utf8_unicode_ci NOT NULL,
  `sortOrder` smallint(6) unsigned DEFAULT NULL,
  `dateCreated` datetime NOT NULL,
  `dateUpdated` datetime NOT NULL,
  `uid` char(36) COLLATE utf8_unicode_ci NOT NULL DEFAULT '0',
  PRIMARY KEY (`locale`),
  KEY `craft_locales_sortOrder_idx` (`sortOrder`)
) ENGINE=InnoDB DEFAULT CHARSET=utf8 COLLATE=utf8_unicode_ci;

--
-- Data for table `craft_locales`
--

INSERT INTO `craft_locales` (`locale`, `sortOrder`, `dateCreated`, `dateUpdated`, `uid`) VALUES
 ('en_us', '1', '2017-04-29 02:37:20', '2017-04-29 02:37:20', 'e08d1dd8-6c0d-45ee-bb3a-9fe7db2242b8');



DROP TABLE IF EXISTS `craft_matrixblocks`;


--
-- Schema for table `craft_matrixblocks`
--
CREATE TABLE `craft_matrixblocks` (
  `id` int(11) NOT NULL,
  `ownerId` int(11) NOT NULL,
  `fieldId` int(11) NOT NULL,
  `typeId` int(11) DEFAULT NULL,
  `sortOrder` smallint(6) unsigned DEFAULT NULL,
  `ownerLocale` char(12) COLLATE utf8_unicode_ci DEFAULT NULL,
  `dateCreated` datetime NOT NULL,
  `dateUpdated` datetime NOT NULL,
  `uid` char(36) COLLATE utf8_unicode_ci NOT NULL DEFAULT '0',
  PRIMARY KEY (`id`),
  KEY `craft_matrixblocks_ownerId_idx` (`ownerId`),
  KEY `craft_matrixblocks_fieldId_idx` (`fieldId`),
  KEY `craft_matrixblocks_typeId_idx` (`typeId`),
  KEY `craft_matrixblocks_sortOrder_idx` (`sortOrder`),
  KEY `craft_matrixblocks_ownerLocale_fk` (`ownerLocale`)
) ENGINE=InnoDB DEFAULT CHARSET=utf8 COLLATE=utf8_unicode_ci;

DROP TABLE IF EXISTS `craft_matrixblocktypes`;


--
-- Schema for table `craft_matrixblocktypes`
--
CREATE TABLE `craft_matrixblocktypes` (
  `id` int(11) NOT NULL AUTO_INCREMENT,
  `fieldId` int(11) NOT NULL,
  `fieldLayoutId` int(11) DEFAULT NULL,
  `name` varchar(255) COLLATE utf8_unicode_ci NOT NULL,
  `handle` varchar(255) COLLATE utf8_unicode_ci NOT NULL,
  `sortOrder` smallint(6) unsigned DEFAULT NULL,
  `dateCreated` datetime NOT NULL,
  `dateUpdated` datetime NOT NULL,
  `uid` char(36) COLLATE utf8_unicode_ci NOT NULL DEFAULT '0',
  PRIMARY KEY (`id`),
  UNIQUE KEY `craft_matrixblocktypes_name_fieldId_unq_idx` (`name`,`fieldId`),
  UNIQUE KEY `craft_matrixblocktypes_handle_fieldId_unq_idx` (`handle`,`fieldId`),
  KEY `craft_matrixblocktypes_fieldId_fk` (`fieldId`),
  KEY `craft_matrixblocktypes_fieldLayoutId_fk` (`fieldLayoutId`)
) ENGINE=InnoDB DEFAULT CHARSET=utf8 COLLATE=utf8_unicode_ci;

DROP TABLE IF EXISTS `craft_migrations`;


--
-- Schema for table `craft_migrations`
--
CREATE TABLE `craft_migrations` (
  `id` int(11) NOT NULL AUTO_INCREMENT,
  `pluginId` int(11) DEFAULT NULL,
  `version` varchar(255) COLLATE utf8_unicode_ci NOT NULL,
  `applyTime` datetime NOT NULL,
  `dateCreated` datetime NOT NULL,
  `dateUpdated` datetime NOT NULL,
  `uid` char(36) COLLATE utf8_unicode_ci NOT NULL DEFAULT '0',
  PRIMARY KEY (`id`),
  UNIQUE KEY `craft_migrations_version_unq_idx` (`version`),
  KEY `craft_migrations_pluginId_fk` (`pluginId`)
) ENGINE=InnoDB AUTO_INCREMENT=39 DEFAULT CHARSET=utf8 COLLATE=utf8_unicode_ci;

--
-- Data for table `craft_migrations`
--

INSERT INTO `craft_migrations` (`id`, `pluginId`, `version`, `applyTime`, `dateCreated`, `dateUpdated`, `uid`) VALUES
 ('1', NULL, 'm000000_000000_base', '2017-04-29 02:37:20', '2017-04-29 02:37:20', '2017-04-29 02:37:20', 'b30f46c4-8a71-4a4b-9564-711da9a10d39'),
 ('2', NULL, 'm140730_000001_add_filename_and_format_to_transformindex', '2017-04-29 02:37:20', '2017-04-29 02:37:20', '2017-04-29 02:37:20', 'a2cd8139-d824-4714-81f0-f693da353ce9'),
 ('3', NULL, 'm140815_000001_add_format_to_transforms', '2017-04-29 02:37:20', '2017-04-29 02:37:20', '2017-04-29 02:37:20', '49673f4c-652a-4345-a120-5c657531f431'),
 ('4', NULL, 'm140822_000001_allow_more_than_128_items_per_field', '2017-04-29 02:37:20', '2017-04-29 02:37:20', '2017-04-29 02:37:20', 'ca938169-4dbc-4b01-9747-a3a0a8c1d463'),
 ('5', NULL, 'm140829_000001_single_title_formats', '2017-04-29 02:37:20', '2017-04-29 02:37:20', '2017-04-29 02:37:20', '6baeaae3-63e2-4af1-ab79-0a1a7fb4f143'),
 ('6', NULL, 'm140831_000001_extended_cache_keys', '2017-04-29 02:37:20', '2017-04-29 02:37:20', '2017-04-29 02:37:20', 'eeaba8b9-d627-4aa9-84f6-cf57ffbf4224'),
 ('7', NULL, 'm140922_000001_delete_orphaned_matrix_blocks', '2017-04-29 02:37:20', '2017-04-29 02:37:20', '2017-04-29 02:37:20', 'a4bb07e5-7b80-476c-90c3-062821a6df10'),
 ('8', NULL, 'm141008_000001_elements_index_tune', '2017-04-29 02:37:20', '2017-04-29 02:37:20', '2017-04-29 02:37:20', '8b0eac59-84a7-4faa-aff1-c6eacf3ac271'),
 ('9', NULL, 'm141009_000001_assets_source_handle', '2017-04-29 02:37:20', '2017-04-29 02:37:20', '2017-04-29 02:37:20', 'b1c622e6-c126-4ed5-b0d3-e6ab03396bd0'),
 ('10', NULL, 'm141024_000001_field_layout_tabs', '2017-04-29 02:37:20', '2017-04-29 02:37:20', '2017-04-29 02:37:20', '1f0d1341-e41c-4ca4-b0db-4cde57c1e49b'),
 ('11', NULL, 'm141030_000000_plugin_schema_versions', '2017-04-29 02:37:20', '2017-04-29 02:37:20', '2017-04-29 02:37:20', '21b9e0d4-23a9-4dd4-874f-2306df9a1321'),
 ('12', NULL, 'm141030_000001_drop_structure_move_permission', '2017-04-29 02:37:20', '2017-04-29 02:37:20', '2017-04-29 02:37:20', '5c3fbbf7-4ab5-4fbc-9812-96ae4e8848d8'),
 ('13', NULL, 'm141103_000001_tag_titles', '2017-04-29 02:37:20', '2017-04-29 02:37:20', '2017-04-29 02:37:20', '8de85fce-1bed-49cc-ac29-253420fe7b17'),
 ('14', NULL, 'm141109_000001_user_status_shuffle', '2017-04-29 02:37:20', '2017-04-29 02:37:20', '2017-04-29 02:37:20', '1c650c62-1bfa-43d1-ab52-1c7add3c6af9'),
 ('15', NULL, 'm141126_000001_user_week_start_day', '2017-04-29 02:37:20', '2017-04-29 02:37:20', '2017-04-29 02:37:20', '41644c01-4148-448f-9e4b-bc7d68d5085b'),
 ('16', NULL, 'm150210_000001_adjust_user_photo_size', '2017-04-29 02:37:20', '2017-04-29 02:37:20', '2017-04-29 02:37:20', 'f858ffa6-5bf0-43e9-bc6d-306bcbe037d6'),
 ('17', NULL, 'm150724_000001_adjust_quality_settings', '2017-04-29 02:37:20', '2017-04-29 02:37:20', '2017-04-29 02:37:20', '69bd23f7-29ba-4a58-b53e-0193608fb873'),
 ('18', NULL, 'm150827_000000_element_index_settings', '2017-04-29 02:37:20', '2017-04-29 02:37:20', '2017-04-29 02:37:20', '75a6d4a1-01d4-4cc0-ac97-f605cee93cfd'),
 ('19', NULL, 'm150918_000001_add_colspan_to_widgets', '2017-04-29 02:37:20', '2017-04-29 02:37:20', '2017-04-29 02:37:20', '5eca8bc4-8486-4657-886e-ad51f0018f17'),
 ('20', NULL, 'm151007_000000_clear_asset_caches', '2017-04-29 02:37:20', '2017-04-29 02:37:20', '2017-04-29 02:37:20', '5d2f5626-1810-499f-8283-abe2c58e07c7'),
 ('21', NULL, 'm151109_000000_text_url_formats', '2017-04-29 02:37:20', '2017-04-29 02:37:20', '2017-04-29 02:37:20', '3bd2c658-ec60-464e-b07e-f0b23ca420b4'),
 ('22', NULL, 'm151110_000000_move_logo', '2017-04-29 02:37:20', '2017-04-29 02:37:20', '2017-04-29 02:37:20', 'fd4afc2a-e2a4-43b6-9e96-49a6259c65bc'),
 ('23', NULL, 'm151117_000000_adjust_image_widthheight', '2017-04-29 02:37:20', '2017-04-29 02:37:20', '2017-04-29 02:37:20', '92615e7e-e3fb-4fce-bb57-ae62b7d735e9'),
 ('24', NULL, 'm151127_000000_clear_license_key_status', '2017-04-29 02:37:20', '2017-04-29 02:37:20', '2017-04-29 02:37:20', 'c9589e95-4625-469d-8bae-e5863b53308e'),
 ('25', NULL, 'm151127_000000_plugin_license_keys', '2017-04-29 02:37:20', '2017-04-29 02:37:20', '2017-04-29 02:37:20', '0a90f41d-0e81-4cfd-8873-980541133bc2'),
 ('26', NULL, 'm151130_000000_update_pt_widget_feeds', '2017-04-29 02:37:20', '2017-04-29 02:37:20', '2017-04-29 02:37:20', '6c04161e-5bb3-496e-98cc-3629dec964fb'),
 ('27', NULL, 'm160114_000000_asset_sources_public_url_default_true', '2017-04-29 02:37:20', '2017-04-29 02:37:20', '2017-04-29 02:37:20', 'a23a2684-1a6a-4ad3-85ea-b7852e76c424'),
 ('28', NULL, 'm160223_000000_sortorder_to_smallint', '2017-04-29 02:37:20', '2017-04-29 02:37:20', '2017-04-29 02:37:20', 'fa0b083d-ddd0-421e-8019-bad3175aae30'),
 ('29', NULL, 'm160229_000000_set_default_entry_statuses', '2017-04-29 02:37:20', '2017-04-29 02:37:20', '2017-04-29 02:37:20', '9aac5031-8e93-452e-b37d-78a4f37d10aa'),
 ('30', NULL, 'm160304_000000_client_permissions', '2017-04-29 02:37:20', '2017-04-29 02:37:20', '2017-04-29 02:37:20', 'b32741cb-f627-46e1-b419-1b1ff0d4932f'),
 ('31', NULL, 'm160322_000000_asset_filesize', '2017-04-29 02:37:20', '2017-04-29 02:37:20', '2017-04-29 02:37:20', 'ea5f65f7-c36c-46ab-b1d5-210755c6c248'),
 ('32', NULL, 'm160503_000000_orphaned_fieldlayouts', '2017-04-29 02:37:20', '2017-04-29 02:37:20', '2017-04-29 02:37:20', '780f71de-82de-4d67-83a3-37153dee143c'),
 ('33', NULL, 'm160510_000000_tasksettings', '2017-04-29 02:37:20', '2017-04-29 02:37:20', '2017-04-29 02:37:20', 'db652cae-84b9-4663-a328-dcbef400bc7c'),
 ('34', NULL, 'm160829_000000_pending_user_content_cleanup', '2017-04-29 02:37:20', '2017-04-29 02:37:20', '2017-04-29 02:37:20', '4a6ec480-fe3a-4e35-a46c-7764a77d53ea'),
 ('35', NULL, 'm160830_000000_asset_index_uri_increase', '2017-04-29 02:37:20', '2017-04-29 02:37:20', '2017-04-29 02:37:20', '86991af2-edaf-4d12-96c7-1a89f98178e8'),
 ('36', NULL, 'm160919_000000_usergroup_handle_title_unique', '2017-04-29 02:37:20', '2017-04-29 02:37:20', '2017-04-29 02:37:20', '285cb26e-febf-4d8f-b7a2-6901bd6a5352'),
 ('37', NULL, 'm161108_000000_new_version_format', '2017-04-29 02:37:20', '2017-04-29 02:37:20', '2017-04-29 02:37:20', 'bfb92e88-7c44-4896-b016-a70069a174e6'),
 ('38', NULL, 'm161109_000000_index_shuffle', '2017-04-29 02:37:20', '2017-04-29 02:37:20', '2017-04-29 02:37:20', '5b032bc2-63a7-447a-9577-a728b05850e8');



DROP TABLE IF EXISTS `craft_plugins`;


--
-- Schema for table `craft_plugins`
--
CREATE TABLE `craft_plugins` (
  `id` int(11) NOT NULL AUTO_INCREMENT,
  `class` varchar(150) COLLATE utf8_unicode_ci NOT NULL,
  `version` varchar(15) COLLATE utf8_unicode_ci NOT NULL,
  `schemaVersion` varchar(15) COLLATE utf8_unicode_ci DEFAULT NULL,
  `licenseKey` char(24) COLLATE utf8_unicode_ci DEFAULT NULL,
  `licenseKeyStatus` enum('valid','invalid','mismatched','unknown') COLLATE utf8_unicode_ci NOT NULL DEFAULT 'unknown',
  `enabled` tinyint(1) unsigned NOT NULL DEFAULT '0',
  `settings` text COLLATE utf8_unicode_ci,
  `installDate` datetime NOT NULL,
  `dateCreated` datetime NOT NULL,
  `dateUpdated` datetime NOT NULL,
  `uid` char(36) COLLATE utf8_unicode_ci NOT NULL DEFAULT '0',
  PRIMARY KEY (`id`)
) ENGINE=InnoDB DEFAULT CHARSET=utf8 COLLATE=utf8_unicode_ci;

DROP TABLE IF EXISTS `craft_rackspaceaccess`;


--
-- Schema for table `craft_rackspaceaccess`
--
CREATE TABLE `craft_rackspaceaccess` (
  `id` int(11) NOT NULL AUTO_INCREMENT,
  `connectionKey` varchar(255) COLLATE utf8_unicode_ci NOT NULL,
  `token` varchar(255) COLLATE utf8_unicode_ci NOT NULL,
  `storageUrl` varchar(255) COLLATE utf8_unicode_ci NOT NULL,
  `cdnUrl` varchar(255) COLLATE utf8_unicode_ci NOT NULL,
  `dateCreated` datetime NOT NULL,
  `dateUpdated` datetime NOT NULL,
  `uid` char(36) COLLATE utf8_unicode_ci NOT NULL DEFAULT '0',
  PRIMARY KEY (`id`),
  UNIQUE KEY `craft_rackspaceaccess_connectionKey_unq_idx` (`connectionKey`)
) ENGINE=InnoDB DEFAULT CHARSET=utf8 COLLATE=utf8_unicode_ci;

DROP TABLE IF EXISTS `craft_relations`;


--
-- Schema for table `craft_relations`
--
CREATE TABLE `craft_relations` (
  `id` int(11) NOT NULL AUTO_INCREMENT,
  `fieldId` int(11) NOT NULL,
  `sourceId` int(11) NOT NULL,
  `sourceLocale` char(12) COLLATE utf8_unicode_ci DEFAULT NULL,
  `targetId` int(11) NOT NULL,
  `sortOrder` smallint(6) DEFAULT NULL,
  `dateCreated` datetime NOT NULL,
  `dateUpdated` datetime NOT NULL,
  `uid` char(36) COLLATE utf8_unicode_ci NOT NULL DEFAULT '0',
  PRIMARY KEY (`id`),
  UNIQUE KEY `craft_relations_fieldId_sourceId_sourceLocale_targetId_unq_idx` (`fieldId`,`sourceId`,`sourceLocale`,`targetId`),
  KEY `craft_relations_sourceId_fk` (`sourceId`),
  KEY `craft_relations_sourceLocale_fk` (`sourceLocale`),
  KEY `craft_relations_targetId_fk` (`targetId`)
) ENGINE=InnoDB AUTO_INCREMENT=33 DEFAULT CHARSET=utf8 COLLATE=utf8_unicode_ci;

--
-- Data for table `craft_relations`
--

INSERT INTO `craft_relations` (`id`, `fieldId`, `sourceId`, `sourceLocale`, `targetId`, `sortOrder`, `dateCreated`, `dateUpdated`, `uid`) VALUES
 ('1', '2', '6', NULL, '4', '1', '2017-04-30 22:05:47', '2017-04-30 22:05:47', 'cb1f449c-6d6a-4e75-943b-72ec921b47e7'),
 ('2', '2', '6', NULL, '5', '2', '2017-04-30 22:05:47', '2017-04-30 22:05:47', 'ce17628e-9661-4ec7-a591-1611f7f2d57a'),
 ('3', '2', '8', NULL, '5', '1', '2017-04-30 22:34:02', '2017-04-30 22:34:02', '6dac7b5e-a558-45ad-84bd-6af0b4f83c02'),
 ('4', '2', '8', NULL, '7', '2', '2017-04-30 22:34:02', '2017-04-30 22:34:02', 'a63afeab-9c23-49bd-afe5-6754753cd0a3'),
 ('5', '2', '9', NULL, '7', '1', '2017-04-30 22:35:50', '2017-04-30 22:35:50', 'c434c5da-e1ca-4575-9e6c-d09286ad6831'),
 ('6', '2', '9', NULL, '5', '2', '2017-04-30 22:35:50', '2017-04-30 22:35:50', '0b5657d0-2bbd-4750-b4c4-bfa5b47a3280'),
 ('9', '2', '12', NULL, '10', '1', '2017-04-30 22:50:34', '2017-04-30 22:50:34', 'd180d640-889d-49d6-ad74-f1938ebca7d1'),
 ('10', '2', '12', NULL, '11', '2', '2017-04-30 22:50:34', '2017-04-30 22:50:34', '79732981-6885-4946-9a9f-8cf7f5d6ba3e'),
 ('11', '2', '15', NULL, '13', '1', '2017-04-30 22:52:57', '2017-04-30 22:52:57', '28c71ca4-f7db-4c4a-badc-618a58b02474'),
 ('12', '2', '15', NULL, '14', '2', '2017-04-30 22:52:57', '2017-04-30 22:52:57', '4dfa3ab4-d444-457e-b7bb-d1ff2f29b8cf'),
 ('13', '2', '16', NULL, '17', '1', '2017-04-30 22:55:52', '2017-04-30 22:55:52', '0f62adbf-3fa6-4c89-bd9a-5f1e92ddca1e'),
 ('14', '2', '16', NULL, '18', '2', '2017-04-30 22:55:52', '2017-04-30 22:55:52', 'ed78bd27-8e63-4653-8c6f-dcaa4403f59d'),
 ('15', '2', '20', NULL, '19', '1', '2017-04-30 22:57:03', '2017-04-30 22:57:03', 'ce8ece08-48f3-4f9e-bb2c-53ebd8151893'),
 ('16', '2', '20', NULL, '10', '2', '2017-04-30 22:57:03', '2017-04-30 22:57:03', '6a84c040-e299-43a4-b706-0c5505e4165d'),
 ('17', '2', '23', NULL, '21', '1', '2017-04-30 22:58:20', '2017-04-30 22:58:20', '7607d77d-5f27-46c9-ad26-69956f2818bc'),
 ('18', '2', '23', NULL, '22', '2', '2017-04-30 22:58:20', '2017-04-30 22:58:20', 'b096c4fb-fc67-47dd-8598-01849d0750c0'),
 ('22', '2', '27', NULL, '24', '1', '2017-04-30 23:00:37', '2017-04-30 23:00:37', 'a11ab369-d06f-4d01-9735-23ac8b7048f7'),
 ('23', '2', '27', NULL, '25', '2', '2017-04-30 23:00:37', '2017-04-30 23:00:37', 'eee2a996-3301-44c8-96b8-0f2e84009db1'),
 ('24', '2', '27', NULL, '26', '3', '2017-04-30 23:00:37', '2017-04-30 23:00:37', '2552e541-4a84-48ec-90e8-85f53391703e'),
 ('25', '4', '32', NULL, '29', '1', '2017-04-30 23:18:32', '2017-04-30 23:18:32', '5488ef21-9c1e-47a0-9fbb-84826a7d8c3e'),
 ('26', '2', '32', NULL, '30', '1', '2017-04-30 23:18:32', '2017-04-30 23:18:32', 'b4ba450e-8e9f-4baf-8296-c2ba0fadbfeb'),
 ('27', '2', '32', NULL, '31', '2', '2017-04-30 23:18:32', '2017-04-30 23:18:32', 'f223971b-234e-43f7-a4e8-569c1c7d7b57'),
 ('28', '4', '36', NULL, '33', '1', '2017-04-30 23:21:45', '2017-04-30 23:21:45', 'e142a52a-86aa-4eca-aa46-febdf7e859b9'),
 ('29', '2', '36', NULL, '35', '1', '2017-04-30 23:21:45', '2017-04-30 23:21:45', '5b5c2a10-148e-45fc-9cba-89e470945129'),
 ('30', '2', '39', NULL, '38', '1', '2017-04-30 23:25:35', '2017-04-30 23:25:35', 'ceab0b5f-73ee-4daa-8eb5-1173bc93d051'),
 ('31', '2', '39', NULL, '40', '2', '2017-04-30 23:25:35', '2017-04-30 23:25:35', 'd8d6d5c5-3409-42ad-9ab0-15d77b47c291'),
 ('32', '2', '39', NULL, '41', '3', '2017-04-30 23:25:35', '2017-04-30 23:25:35', 'e253b144-7acb-4945-b50e-fbbb41283b31');



DROP TABLE IF EXISTS `craft_routes`;


--
-- Schema for table `craft_routes`
--
CREATE TABLE `craft_routes` (
  `id` int(11) NOT NULL AUTO_INCREMENT,
  `locale` char(12) COLLATE utf8_unicode_ci DEFAULT NULL,
  `urlParts` varchar(255) COLLATE utf8_unicode_ci NOT NULL,
  `urlPattern` varchar(255) COLLATE utf8_unicode_ci NOT NULL,
  `template` varchar(255) COLLATE utf8_unicode_ci NOT NULL,
  `sortOrder` smallint(6) unsigned DEFAULT NULL,
  `dateCreated` datetime NOT NULL,
  `dateUpdated` datetime NOT NULL,
  `uid` char(36) COLLATE utf8_unicode_ci NOT NULL DEFAULT '0',
  PRIMARY KEY (`id`),
  UNIQUE KEY `craft_routes_urlPattern_unq_idx` (`urlPattern`),
  KEY `craft_routes_locale_idx` (`locale`)
) ENGINE=InnoDB DEFAULT CHARSET=utf8 COLLATE=utf8_unicode_ci;

DROP TABLE IF EXISTS `craft_searchindex`;


--
-- Schema for table `craft_searchindex`
--
CREATE TABLE `craft_searchindex` (
  `elementId` int(11) NOT NULL,
  `attribute` varchar(25) COLLATE utf8_unicode_ci NOT NULL,
  `fieldId` int(11) NOT NULL,
  `locale` char(12) COLLATE utf8_unicode_ci NOT NULL,
  `keywords` text COLLATE utf8_unicode_ci NOT NULL,
  PRIMARY KEY (`elementId`,`attribute`,`fieldId`,`locale`),
  FULLTEXT KEY `craft_searchindex_keywords_idx` (`keywords`)
) ENGINE=MyISAM DEFAULT CHARSET=utf8 COLLATE=utf8_unicode_ci;

--
-- Data for table `craft_searchindex`
--

INSERT INTO `craft_searchindex` (`elementId`, `attribute`, `fieldId`, `locale`, `keywords`) VALUES
 ('1', 'username', '0', 'en_us', ' nhansen '),
 ('1', 'firstname', '0', 'en_us', ' nick '),
 ('1', 'lastname', '0', 'en_us', ''),
 ('1', 'fullname', '0', 'en_us', ' nick '),
 ('1', 'email', '0', 'en_us', ' nhansen blackfez com '),
 ('1', 'slug', '0', 'en_us', ''),
 ('2', 'slug', '0', 'en_us', ' homepage '),
 ('2', 'title', '0', 'en_us', ' welcome to blackfez com '),
 ('2', 'field', '1', 'en_us', ' it s true this site doesn t have a whole lot of content yet but don t worry our web developers have just installed the cms and they re setting things up for the content editors this very moment soon blackfez com will be an oasis of fresh perspectives sharp analyses and astute opinions that will keep you coming back again and again '),
 ('11', 'name', '0', 'en_us', ' repairs '),
 ('11', 'slug', '0', 'en_us', ' repair '),
 ('11', 'title', '0', 'en_us', ' repairs '),
 ('12', 'field', '1', 'en_us', ' i think we re finally at root cause for the front wheel bearings issue that has plagued matilda previous owner did a lousy job of swapping in a custom wheel and it didn t fit well on the hub without some spacers the spacers were fiddly at best and when they shifted the out of true ness made quick work of the bearings dillon bros is going to eat the replacement cost of an oem sportster front wheel as well as the bearings the good it s always good to find root causefixed at no cost to menew wheel presumably without the warp in the rimi m not completely pissed with the dealerthe bad they sold a bike with a bum wheelthey replaced the bearings and put the bum wheel with the fiddly spacers on the bike last july without mentioning the issuethey replaced the tire a few weeks ago which involves re mounting the front wheel and again didn t mention an issue with a custom wheel with fiddly spacersthe previous three points don t instill much confidence in the dealer s repair shop i m bike free until late next week 2 weeks of no riding '),
 ('10', 'title', '0', 'en_us', ' matilda '),
 ('10', 'name', '0', 'en_us', ' matilda '),
 ('10', 'slug', '0', 'en_us', ' matilda '),
 ('4', 'name', '0', 'en_us', ' frameworks '),
 ('4', 'slug', '0', 'en_us', ' frameworks '),
 ('4', 'title', '0', 'en_us', ' frameworks '),
 ('5', 'name', '0', 'en_us', ' cms '),
 ('5', 'slug', '0', 'en_us', ' cms '),
 ('5', 'title', '0', 'en_us', ' cms '),
 ('6', 'field', '3', 'en_us', ' https craftcms com '),
 ('6', 'field', '1', 'en_us', ' my new favorite cms the melding of control and flexibility is intoxicating '),
 ('6', 'field', '2', 'en_us', ' frameworks cms '),
 ('6', 'slug', '0', 'en_us', ' craft cms '),
 ('6', 'title', '0', 'en_us', ' craft cms '),
 ('7', 'name', '0', 'en_us', ' craft '),
 ('7', 'slug', '0', 'en_us', ' craft '),
 ('7', 'title', '0', 'en_us', ' craft '),
 ('8', 'field', '1', 'en_us', ' starting to build out some sample content for the new and improved craft based nix quips a joy and a half '),
 ('8', 'field', '2', 'en_us', ' cms craft '),
 ('8', 'slug', '0', 'en_us', ' doing it '),
 ('8', 'title', '0', 'en_us', ' doing it '),
 ('9', 'field', '1', 'en_us', ' craft cms is my new favorite thing well as much as something written in php can qualify anyway but seriously the ui is slick and the flexibility supports any data model i want to throw at it best of all the html is exactly as clean and sparse as i make it sure we re still in the salad days but i got further with craft in six hours than i ever did in the several weeks i played with drupal '),
 ('9', 'field', '2', 'en_us', ' craft cms '),
 ('9', 'slug', '0', 'en_us', ' my new favorite thing '),
 ('9', 'title', '0', 'en_us', ' my new favorite thing '),
 ('12', 'field', '2', 'en_us', ' matilda repairs '),
 ('12', 'slug', '0', 'en_us', ' root cause '),
 ('12', 'title', '0', 'en_us', ' root cause '),
 ('13', 'name', '0', 'en_us', ' game '),
 ('13', 'slug', '0', 'en_us', ' game '),
 ('13', 'title', '0', 'en_us', ' game '),
 ('14', 'name', '0', 'en_us', ' concerts '),
 ('14', 'slug', '0', 'en_us', ' concerts '),
 ('14', 'title', '0', 'en_us', ' concerts '),
 ('15', 'field', '1', 'en_us', ' the ten concerts nine of which i ve attended game the monkeescamper van beethoventhe dead milkmenremdepeche modethe eaglesjane s addictionpharoah sandersjohnny cashsouthern culture on the skids '),
 ('15', 'field', '2', 'en_us', ' game concerts '),
 ('15', 'slug', '0', 'en_us', ' the game '),
 ('15', 'title', '0', 'en_us', ' the game '),
 ('16', 'field', '1', 'en_us', ' i really wish i could find my tiny lights cds i want to say that ween s roses are free is a straight up theft of a song on milky juicy which is understandable since tl s bassist went on to play bass for ween '),
 ('16', 'field', '2', 'en_us', ' tiny lig ween '),
 ('16', 'slug', '0', 'en_us', ' wishes '),
 ('16', 'title', '0', 'en_us', ' wishes '),
 ('17', 'name', '0', 'en_us', ' tiny lig '),
 ('17', 'slug', '0', 'en_us', ' tiny lig '),
 ('17', 'title', '0', 'en_us', ' tiny lig '),
 ('18', 'name', '0', 'en_us', ' ween '),
 ('18', 'slug', '0', 'en_us', ' ween '),
 ('18', 'title', '0', 'en_us', ' ween '),
 ('19', 'name', '0', 'en_us', ' nodonutstoday '),
 ('19', 'slug', '0', 'en_us', ' nodonutstoday '),
 ('19', 'title', '0', 'en_us', ' nodonutstoday '),
 ('20', 'field', '1', 'en_us', ' stupid front wheel bearings '),
 ('20', 'field', '2', 'en_us', ' nodonutstoday matilda '),
 ('20', 'slug', '0', 'en_us', ' no donuts today '),
 ('20', 'title', '0', 'en_us', ' no donuts today '),
 ('21', 'name', '0', 'en_us', ' worklifebalance '),
 ('21', 'slug', '0', 'en_us', ' worklifebalance '),
 ('21', 'title', '0', 'en_us', ' worklifebalance '),
 ('22', 'name', '0', 'en_us', ' complaints '),
 ('22', 'slug', '0', 'en_us', ' complaints '),
 ('22', 'title', '0', 'en_us', ' complaints '),
 ('23', 'field', '1', 'en_us', ' the kind of work week that makes black out drinking sound appealing '),
 ('23', 'field', '2', 'en_us', ' worklifebalance complaints '),
 ('23', 'slug', '0', 'en_us', ' bleh '),
 ('23', 'title', '0', 'en_us', ' bleh '),
 ('24', 'name', '0', 'en_us', ' video '),
 ('24', 'slug', '0', 'en_us', ' video '),
 ('24', 'title', '0', 'en_us', ' video '),
 ('25', 'name', '0', 'en_us', ' funny '),
 ('25', 'slug', '0', 'en_us', ' funny '),
 ('25', 'title', '0', 'en_us', ' funny '),
 ('26', 'name', '0', 'en_us', ' hockey '),
 ('26', 'slug', '0', 'en_us', ' hockey '),
 ('26', 'title', '0', 'en_us', ' hockey '),
 ('27', 'field', '3', 'en_us', ' https www facebook com youreverydaycanadian videos 1877505392537260 '),
 ('27', 'field', '1', 'en_us', ''),
 ('27', 'field', '2', 'en_us', ' video funny hockey '),
 ('27', 'slug', '0', 'en_us', ' canadian daycare '),
 ('27', 'title', '0', 'en_us', ' canadian daycare '),
 ('28', 'field', '1', 'en_us', ' read this line in a forum post just now i m as persistent as a broccoli fart in a sleeping bag my day is slightly better now '),
 ('28', 'field', '2', 'en_us', ''),
 ('28', 'slug', '0', 'en_us', ' persistent '),
 ('28', 'title', '0', 'en_us', ' persistent '),
 ('29', 'filename', '0', 'en_us', ' roadtrip jpg '),
 ('29', 'extension', '0', 'en_us', ' jpg '),
 ('29', 'kind', '0', 'en_us', ' image '),
 ('29', 'slug', '0', 'en_us', ' road trip ');
INSERT INTO `craft_searchindex` (`elementId`, `attribute`, `fieldId`, `locale`, `keywords`) VALUES
 ('29', 'title', '0', 'en_us', ' road trip '),
 ('30', 'name', '0', 'en_us', ' elz '),
 ('30', 'slug', '0', 'en_us', ' elz '),
 ('30', 'title', '0', 'en_us', ' elz '),
 ('31', 'name', '0', 'en_us', ' anniversary '),
 ('31', 'slug', '0', 'en_us', ' anniversary '),
 ('31', 'title', '0', 'en_us', ' anniversary '),
 ('32', 'field', '4', 'en_us', ' road trip '),
 ('32', 'field', '1', 'en_us', ' this lady right here finally took me up on my marriage proposal four years ago today together we ve gone many miles and there are still so many wonderful miles ahead i don t know where we re going but i know we re having a good time getting there i love you elizabeth to the ends of the earth and back '),
 ('32', 'field', '2', 'en_us', ' elz anniversary '),
 ('32', 'slug', '0', 'en_us', ' four years '),
 ('32', 'title', '0', 'en_us', ' four years '),
 ('33', 'filename', '0', 'en_us', ' strangerinthealps jpg '),
 ('33', 'extension', '0', 'en_us', ' jpg '),
 ('33', 'kind', '0', 'en_us', ' image '),
 ('33', 'slug', '0', 'en_us', ' stranger in the alps '),
 ('33', 'title', '0', 'en_us', ' stranger in the alps '),
 ('34', 'name', '0', 'en_us', ' lebowski '),
 ('34', 'slug', '0', 'en_us', ' lebowski '),
 ('34', 'title', '0', 'en_us', ' lebowski '),
 ('35', 'name', '0', 'en_us', ' the big lebowski '),
 ('35', 'slug', '0', 'en_us', ' the big lebowski '),
 ('35', 'title', '0', 'en_us', ' the big lebowski '),
 ('36', 'field', '4', 'en_us', ' stranger in the alps '),
 ('36', 'field', '1', 'en_us', ' mini lebowski fest starts in just over three hours larry '),
 ('36', 'field', '2', 'en_us', ' the big lebowski '),
 ('36', 'slug', '0', 'en_us', ' you got a date wednesday '),
 ('36', 'title', '0', 'en_us', ' you got a date wednesday '),
 ('37', 'name', '0', 'en_us', ' spicy '),
 ('37', 'slug', '0', 'en_us', ' spicy '),
 ('37', 'title', '0', 'en_us', ' spicy '),
 ('38', 'name', '0', 'en_us', ' spicy time '),
 ('38', 'slug', '0', 'en_us', ' spicy time '),
 ('38', 'title', '0', 'en_us', ' spicy time '),
 ('39', 'field', '1', 'en_us', ' diagram the following sentence i i think when you come to sarin gas uh there was no he was not using the gas on his own people the same way that ashad is doing i mean there was clearly i i i i understand crosstalk thank you thank you i appreciate that there was not in the in the he brought em to to uhm to the holocaust centers i understand that but on the saying in the way the assad used them where he went into towns dropped em down to innocent into the middle of towns it was brought to it so the use of it i appreciate the clarification '),
 ('39', 'field', '2', 'en_us', ' spicy time word salad sean spicer '),
 ('39', 'slug', '0', 'en_us', ' sat writing language question nightmares '),
 ('39', 'title', '0', 'en_us', ' sat writing language question nightmares '),
 ('40', 'name', '0', 'en_us', ' word salad '),
 ('40', 'slug', '0', 'en_us', ' word salad '),
 ('40', 'title', '0', 'en_us', ' word salad '),
 ('41', 'name', '0', 'en_us', ' sean spicer '),
 ('41', 'slug', '0', 'en_us', ' sean spicer '),
 ('41', 'title', '0', 'en_us', ' sean spicer ');



DROP TABLE IF EXISTS `craft_sections`;


--
-- Schema for table `craft_sections`
--
CREATE TABLE `craft_sections` (
  `id` int(11) NOT NULL AUTO_INCREMENT,
  `structureId` int(11) DEFAULT NULL,
  `name` varchar(255) COLLATE utf8_unicode_ci NOT NULL,
  `handle` varchar(255) COLLATE utf8_unicode_ci NOT NULL,
  `type` enum('single','channel','structure') COLLATE utf8_unicode_ci NOT NULL DEFAULT 'channel',
  `hasUrls` tinyint(1) unsigned NOT NULL DEFAULT '1',
  `template` varchar(500) COLLATE utf8_unicode_ci DEFAULT NULL,
  `enableVersioning` tinyint(1) unsigned NOT NULL DEFAULT '0',
  `dateCreated` datetime NOT NULL,
  `dateUpdated` datetime NOT NULL,
  `uid` char(36) COLLATE utf8_unicode_ci NOT NULL DEFAULT '0',
  PRIMARY KEY (`id`),
  UNIQUE KEY `craft_sections_name_unq_idx` (`name`),
  UNIQUE KEY `craft_sections_handle_unq_idx` (`handle`),
  KEY `craft_sections_structureId_fk` (`structureId`)
) ENGINE=InnoDB AUTO_INCREMENT=4 DEFAULT CHARSET=utf8 COLLATE=utf8_unicode_ci;

--
-- Data for table `craft_sections`
--

INSERT INTO `craft_sections` (`id`, `structureId`, `name`, `handle`, `type`, `hasUrls`, `template`, `enableVersioning`, `dateCreated`, `dateUpdated`, `uid`) VALUES
 ('1', NULL, 'Homepage', 'homepage', 'single', '1', 'index', '1', '2017-04-29 02:37:23', '2017-04-29 02:37:23', 'd1d7d771-51fb-4778-8d3b-eefe30cc87f7'),
 ('3', NULL, 'Blog', 'blog', 'channel', '1', 'blog/_entry', '1', '2017-04-30 01:15:34', '2017-04-30 01:15:34', '5c0a068b-68c9-45be-b4cb-a25086e8faad');



DROP TABLE IF EXISTS `craft_sections_i18n`;


--
-- Schema for table `craft_sections_i18n`
--
CREATE TABLE `craft_sections_i18n` (
  `id` int(11) NOT NULL AUTO_INCREMENT,
  `sectionId` int(11) NOT NULL,
  `locale` char(12) COLLATE utf8_unicode_ci NOT NULL,
  `enabledByDefault` tinyint(1) unsigned NOT NULL DEFAULT '1',
  `urlFormat` text COLLATE utf8_unicode_ci,
  `nestedUrlFormat` text COLLATE utf8_unicode_ci,
  `dateCreated` datetime NOT NULL,
  `dateUpdated` datetime NOT NULL,
  `uid` char(36) COLLATE utf8_unicode_ci NOT NULL DEFAULT '0',
  PRIMARY KEY (`id`),
  UNIQUE KEY `craft_sections_i18n_sectionId_locale_unq_idx` (`sectionId`,`locale`),
  KEY `craft_sections_i18n_locale_fk` (`locale`)
) ENGINE=InnoDB AUTO_INCREMENT=4 DEFAULT CHARSET=utf8 COLLATE=utf8_unicode_ci;

--
-- Data for table `craft_sections_i18n`
--

INSERT INTO `craft_sections_i18n` (`id`, `sectionId`, `locale`, `enabledByDefault`, `urlFormat`, `nestedUrlFormat`, `dateCreated`, `dateUpdated`, `uid`) VALUES
 ('1', '1', 'en_us', '1', '__home__', NULL, '2017-04-29 02:37:23', '2017-04-29 02:37:23', 'e4b33092-0fa7-4d86-880f-a112aecbaaa4'),
 ('3', '3', 'en_us', '1', 'blog/{slug}', NULL, '2017-04-30 01:15:34', '2017-04-30 01:15:34', '3674775c-a728-4206-a40c-57d7d8812478');



DROP TABLE IF EXISTS `craft_sessions`;


--
-- Schema for table `craft_sessions`
--
CREATE TABLE `craft_sessions` (
  `id` int(11) NOT NULL AUTO_INCREMENT,
  `userId` int(11) NOT NULL,
  `token` char(100) COLLATE utf8_unicode_ci NOT NULL,
  `dateCreated` datetime NOT NULL,
  `dateUpdated` datetime NOT NULL,
  `uid` char(36) COLLATE utf8_unicode_ci NOT NULL DEFAULT '0',
  PRIMARY KEY (`id`),
  KEY `craft_sessions_uid_idx` (`uid`),
  KEY `craft_sessions_token_idx` (`token`),
  KEY `craft_sessions_dateUpdated_idx` (`dateUpdated`),
  KEY `craft_sessions_userId_fk` (`userId`)
) ENGINE=InnoDB AUTO_INCREMENT=6 DEFAULT CHARSET=utf8 COLLATE=utf8_unicode_ci;

DROP TABLE IF EXISTS `craft_shunnedmessages`;


--
-- Schema for table `craft_shunnedmessages`
--
CREATE TABLE `craft_shunnedmessages` (
  `id` int(11) NOT NULL AUTO_INCREMENT,
  `userId` int(11) NOT NULL,
  `message` varchar(255) COLLATE utf8_unicode_ci NOT NULL,
  `expiryDate` datetime DEFAULT NULL,
  `dateCreated` datetime NOT NULL,
  `dateUpdated` datetime NOT NULL,
  `uid` char(36) COLLATE utf8_unicode_ci NOT NULL DEFAULT '0',
  PRIMARY KEY (`id`),
  UNIQUE KEY `craft_shunnedmessages_userId_message_unq_idx` (`userId`,`message`)
) ENGINE=InnoDB DEFAULT CHARSET=utf8 COLLATE=utf8_unicode_ci;

DROP TABLE IF EXISTS `craft_structureelements`;


--
-- Schema for table `craft_structureelements`
--
CREATE TABLE `craft_structureelements` (
  `id` int(11) NOT NULL AUTO_INCREMENT,
  `structureId` int(11) NOT NULL,
  `elementId` int(11) DEFAULT NULL,
  `root` int(11) unsigned DEFAULT NULL,
  `lft` int(11) unsigned NOT NULL,
  `rgt` int(11) unsigned NOT NULL,
  `level` smallint(6) unsigned NOT NULL,
  `dateCreated` datetime NOT NULL,
  `dateUpdated` datetime NOT NULL,
  `uid` char(36) COLLATE utf8_unicode_ci NOT NULL DEFAULT '0',
  PRIMARY KEY (`id`),
  UNIQUE KEY `craft_structureelements_structureId_elementId_unq_idx` (`structureId`,`elementId`),
  KEY `craft_structureelements_root_idx` (`root`),
  KEY `craft_structureelements_lft_idx` (`lft`),
  KEY `craft_structureelements_rgt_idx` (`rgt`),
  KEY `craft_structureelements_level_idx` (`level`),
  KEY `craft_structureelements_elementId_fk` (`elementId`)
) ENGINE=InnoDB DEFAULT CHARSET=utf8 COLLATE=utf8_unicode_ci;

DROP TABLE IF EXISTS `craft_structures`;


--
-- Schema for table `craft_structures`
--
CREATE TABLE `craft_structures` (
  `id` int(11) NOT NULL AUTO_INCREMENT,
  `maxLevels` smallint(6) unsigned DEFAULT NULL,
  `dateCreated` datetime NOT NULL,
  `dateUpdated` datetime NOT NULL,
  `uid` char(36) COLLATE utf8_unicode_ci NOT NULL DEFAULT '0',
  PRIMARY KEY (`id`)
) ENGINE=InnoDB DEFAULT CHARSET=utf8 COLLATE=utf8_unicode_ci;

DROP TABLE IF EXISTS `craft_systemsettings`;


--
-- Schema for table `craft_systemsettings`
--
CREATE TABLE `craft_systemsettings` (
  `id` int(11) NOT NULL AUTO_INCREMENT,
  `category` varchar(15) COLLATE utf8_unicode_ci NOT NULL,
  `settings` text COLLATE utf8_unicode_ci,
  `dateCreated` datetime NOT NULL,
  `dateUpdated` datetime NOT NULL,
  `uid` char(36) COLLATE utf8_unicode_ci NOT NULL DEFAULT '0',
  PRIMARY KEY (`id`),
  UNIQUE KEY `craft_systemsettings_category_unq_idx` (`category`)
) ENGINE=InnoDB AUTO_INCREMENT=2 DEFAULT CHARSET=utf8 COLLATE=utf8_unicode_ci;

--
-- Data for table `craft_systemsettings`
--

INSERT INTO `craft_systemsettings` (`id`, `category`, `settings`, `dateCreated`, `dateUpdated`, `uid`) VALUES
 ('1', 'email', '{\"protocol\":\"php\",\"emailAddress\":\"nhansen@blackfez.com\",\"senderName\":\"NixQuips\"}', '2017-04-29 02:37:22', '2017-04-29 02:37:22', 'cbad290a-f0d1-41fb-aeca-8af035bf4d91');



DROP TABLE IF EXISTS `craft_taggroups`;


--
-- Schema for table `craft_taggroups`
--
CREATE TABLE `craft_taggroups` (
  `id` int(11) NOT NULL AUTO_INCREMENT,
  `name` varchar(255) COLLATE utf8_unicode_ci NOT NULL,
  `handle` varchar(255) COLLATE utf8_unicode_ci NOT NULL,
  `fieldLayoutId` int(10) DEFAULT NULL,
  `dateCreated` datetime NOT NULL,
  `dateUpdated` datetime NOT NULL,
  `uid` char(36) COLLATE utf8_unicode_ci NOT NULL DEFAULT '0',
  PRIMARY KEY (`id`),
  UNIQUE KEY `craft_taggroups_name_unq_idx` (`name`),
  UNIQUE KEY `craft_taggroups_handle_unq_idx` (`handle`),
  KEY `craft_taggroups_fieldLayoutId_fk` (`fieldLayoutId`)
) ENGINE=InnoDB AUTO_INCREMENT=3 DEFAULT CHARSET=utf8 COLLATE=utf8_unicode_ci;

--
-- Data for table `craft_taggroups`
--

INSERT INTO `craft_taggroups` (`id`, `name`, `handle`, `fieldLayoutId`, `dateCreated`, `dateUpdated`, `uid`) VALUES
 ('1', 'Default', 'default', '1', '2017-04-29 02:37:22', '2017-04-29 02:37:22', '6f092a6d-ebc5-4e97-98c8-6b5cfd3c4fb9'),
 ('2', 'Folksonomy', 'folksonomy', '7', '2017-04-30 21:59:09', '2017-04-30 21:59:09', 'bb9d95e3-2a42-4abd-91a2-26d75cc5c428');



DROP TABLE IF EXISTS `craft_tags`;


--
-- Schema for table `craft_tags`
--
CREATE TABLE `craft_tags` (
  `id` int(11) NOT NULL,
  `groupId` int(11) NOT NULL,
  `dateCreated` datetime NOT NULL,
  `dateUpdated` datetime NOT NULL,
  `uid` char(36) COLLATE utf8_unicode_ci NOT NULL DEFAULT '0',
  PRIMARY KEY (`id`),
  KEY `craft_tags_groupId_fk` (`groupId`)
) ENGINE=InnoDB DEFAULT CHARSET=utf8 COLLATE=utf8_unicode_ci;

--
-- Data for table `craft_tags`
--

INSERT INTO `craft_tags` (`id`, `groupId`, `dateCreated`, `dateUpdated`, `uid`) VALUES
 ('4', '1', '2017-04-30 22:05:32', '2017-04-30 22:05:32', '882d122c-0a4b-4f3a-9e5c-230c6692bbd6'),
 ('5', '1', '2017-04-30 22:05:39', '2017-04-30 22:05:39', 'cc9ec9ff-ae62-44bd-a6ca-fbe4788e919a'),
 ('7', '1', '2017-04-30 22:33:55', '2017-04-30 22:33:55', 'aefd9a92-f553-4a97-8ff4-cdd4f3a4de6f'),
 ('10', '1', '2017-04-30 22:44:41', '2017-04-30 22:44:41', 'a493c731-364a-42ec-b824-cadd2d87bf83'),
 ('11', '1', '2017-04-30 22:46:35', '2017-04-30 22:46:53', 'd323f368-a21d-4b3e-b89f-97f32ed799d5'),
 ('13', '1', '2017-04-30 22:52:22', '2017-04-30 22:52:22', '17a2f580-283a-4ea1-9364-e0796ee55b6a'),
 ('14', '1', '2017-04-30 22:52:28', '2017-04-30 22:52:28', '022ecd48-651b-4286-a130-53c61e07e849'),
 ('17', '1', '2017-04-30 22:55:45', '2017-04-30 22:55:45', '08ad13a1-ba67-4261-8955-aaf744816d54'),
 ('18', '1', '2017-04-30 22:55:48', '2017-04-30 22:55:48', '116716e5-6444-4d7e-b6ac-6cb36e8cdc0a'),
 ('19', '1', '2017-04-30 22:56:38', '2017-04-30 22:56:38', 'a6414af4-553d-424e-9206-1742043f47fa'),
 ('21', '1', '2017-04-30 22:58:03', '2017-04-30 22:58:03', '1db243bf-35d1-4958-b3bf-a64365434719'),
 ('22', '1', '2017-04-30 22:58:18', '2017-04-30 22:58:18', '963fc25c-bf97-45e4-b70a-62d801461098'),
 ('24', '1', '2017-04-30 22:59:52', '2017-04-30 22:59:52', '286ff6a2-e38a-4c8f-9b64-16a3e79e4ac5'),
 ('25', '1', '2017-04-30 22:59:58', '2017-04-30 22:59:58', 'a9930024-d225-4cc8-a4e1-543928c74104'),
 ('26', '1', '2017-04-30 23:00:03', '2017-04-30 23:00:03', '8a674833-a3c9-4fe5-bb74-930c36c7da71'),
 ('30', '1', '2017-04-30 23:15:52', '2017-04-30 23:15:52', '2104323f-6aaa-4798-ac42-5ff3efd72719'),
 ('31', '1', '2017-04-30 23:15:56', '2017-04-30 23:15:56', 'fa3e9022-f41d-41c9-8571-b2b537fc42e3'),
 ('34', '1', '2017-04-30 23:20:49', '2017-04-30 23:20:49', 'b08e93a7-e333-4e6c-a5f5-3de4f7b217d4'),
 ('35', '1', '2017-04-30 23:21:06', '2017-04-30 23:21:06', '5a874b97-40e7-4814-a941-76716a8968df'),
 ('37', '1', '2017-04-30 23:24:32', '2017-04-30 23:24:32', '6074090c-5b9e-458e-a1d2-742e4498ef3f'),
 ('38', '1', '2017-04-30 23:24:38', '2017-04-30 23:24:38', 'eafbf66c-a2cb-492e-8fdf-48dd2562b927'),
 ('40', '1', '2017-04-30 23:25:14', '2017-04-30 23:25:14', '589d56c0-6c88-4ae8-8e6f-5c79a8781509'),
 ('41', '1', '2017-04-30 23:25:29', '2017-04-30 23:25:29', '0c10afe0-a5d3-4cd9-97ac-aebdd1421a98');



DROP TABLE IF EXISTS `craft_tasks`;


--
-- Schema for table `craft_tasks`
--
CREATE TABLE `craft_tasks` (
  `id` int(11) NOT NULL AUTO_INCREMENT,
  `root` int(11) unsigned DEFAULT NULL,
  `lft` int(11) unsigned NOT NULL,
  `rgt` int(11) unsigned NOT NULL,
  `level` smallint(6) unsigned NOT NULL,
  `currentStep` int(11) unsigned DEFAULT NULL,
  `totalSteps` int(11) unsigned DEFAULT NULL,
  `status` enum('pending','error','running') COLLATE utf8_unicode_ci DEFAULT NULL,
  `type` varchar(150) COLLATE utf8_unicode_ci NOT NULL,
  `description` varchar(255) COLLATE utf8_unicode_ci DEFAULT NULL,
  `settings` mediumtext COLLATE utf8_unicode_ci,
  `dateCreated` datetime NOT NULL,
  `dateUpdated` datetime NOT NULL,
  `uid` char(36) COLLATE utf8_unicode_ci NOT NULL DEFAULT '0',
  PRIMARY KEY (`id`),
  KEY `craft_tasks_root_idx` (`root`),
  KEY `craft_tasks_lft_idx` (`lft`),
  KEY `craft_tasks_rgt_idx` (`rgt`),
  KEY `craft_tasks_level_idx` (`level`)
) ENGINE=InnoDB DEFAULT CHARSET=utf8 COLLATE=utf8_unicode_ci;

DROP TABLE IF EXISTS `craft_templatecachecriteria`;


--
-- Schema for table `craft_templatecachecriteria`
--
CREATE TABLE `craft_templatecachecriteria` (
  `id` int(11) NOT NULL AUTO_INCREMENT,
  `cacheId` int(11) NOT NULL,
  `type` varchar(150) COLLATE utf8_unicode_ci NOT NULL,
  `criteria` text COLLATE utf8_unicode_ci NOT NULL,
  PRIMARY KEY (`id`),
  KEY `craft_templatecachecriteria_cacheId_fk` (`cacheId`),
  KEY `craft_templatecachecriteria_type_idx` (`type`)
) ENGINE=InnoDB DEFAULT CHARSET=utf8 COLLATE=utf8_unicode_ci;

DROP TABLE IF EXISTS `craft_templatecacheelements`;


--
-- Schema for table `craft_templatecacheelements`
--
CREATE TABLE `craft_templatecacheelements` (
  `cacheId` int(11) NOT NULL,
  `elementId` int(11) NOT NULL,
  KEY `craft_templatecacheelements_cacheId_fk` (`cacheId`),
  KEY `craft_templatecacheelements_elementId_fk` (`elementId`)
) ENGINE=InnoDB DEFAULT CHARSET=utf8 COLLATE=utf8_unicode_ci;

DROP TABLE IF EXISTS `craft_templatecaches`;


--
-- Schema for table `craft_templatecaches`
--
CREATE TABLE `craft_templatecaches` (
  `id` int(11) NOT NULL AUTO_INCREMENT,
  `cacheKey` varchar(255) COLLATE utf8_unicode_ci NOT NULL,
  `locale` char(12) COLLATE utf8_unicode_ci NOT NULL,
  `path` varchar(255) COLLATE utf8_unicode_ci DEFAULT NULL,
  `expiryDate` datetime NOT NULL,
  `body` mediumtext COLLATE utf8_unicode_ci NOT NULL,
  PRIMARY KEY (`id`),
  KEY `craft_templatecaches_expiryDate_cacheKey_locale_path_idx` (`expiryDate`,`cacheKey`,`locale`,`path`),
  KEY `craft_templatecaches_locale_fk` (`locale`)
) ENGINE=InnoDB DEFAULT CHARSET=utf8 COLLATE=utf8_unicode_ci;

DROP TABLE IF EXISTS `craft_tokens`;


--
-- Schema for table `craft_tokens`
--
CREATE TABLE `craft_tokens` (
  `id` int(11) NOT NULL AUTO_INCREMENT,
  `token` char(32) COLLATE utf8_unicode_ci NOT NULL,
  `route` text COLLATE utf8_unicode_ci,
  `usageLimit` tinyint(3) unsigned DEFAULT NULL,
  `usageCount` tinyint(3) unsigned DEFAULT NULL,
  `expiryDate` datetime NOT NULL,
  `dateCreated` datetime NOT NULL,
  `dateUpdated` datetime NOT NULL,
  `uid` char(36) COLLATE utf8_unicode_ci NOT NULL DEFAULT '0',
  PRIMARY KEY (`id`),
  UNIQUE KEY `craft_tokens_token_unq_idx` (`token`),
  KEY `craft_tokens_expiryDate_idx` (`expiryDate`)
) ENGINE=InnoDB DEFAULT CHARSET=utf8 COLLATE=utf8_unicode_ci;

DROP TABLE IF EXISTS `craft_usergroups`;


--
-- Schema for table `craft_usergroups`
--
CREATE TABLE `craft_usergroups` (
  `id` int(11) NOT NULL AUTO_INCREMENT,
  `name` varchar(255) COLLATE utf8_unicode_ci NOT NULL,
  `handle` varchar(255) COLLATE utf8_unicode_ci NOT NULL,
  `dateCreated` datetime NOT NULL,
  `dateUpdated` datetime NOT NULL,
  `uid` char(36) COLLATE utf8_unicode_ci NOT NULL DEFAULT '0',
  PRIMARY KEY (`id`),
  UNIQUE KEY `craft_usergroups_name_unq_idx` (`name`),
  UNIQUE KEY `craft_usergroups_handle_unq_idx` (`handle`)
) ENGINE=InnoDB DEFAULT CHARSET=utf8 COLLATE=utf8_unicode_ci;

DROP TABLE IF EXISTS `craft_usergroups_users`;


--
-- Schema for table `craft_usergroups_users`
--
CREATE TABLE `craft_usergroups_users` (
  `id` int(11) NOT NULL AUTO_INCREMENT,
  `groupId` int(11) NOT NULL,
  `userId` int(11) NOT NULL,
  `dateCreated` datetime NOT NULL,
  `dateUpdated` datetime NOT NULL,
  `uid` char(36) COLLATE utf8_unicode_ci NOT NULL DEFAULT '0',
  PRIMARY KEY (`id`),
  UNIQUE KEY `craft_usergroups_users_groupId_userId_unq_idx` (`groupId`,`userId`),
  KEY `craft_usergroups_users_userId_fk` (`userId`)
) ENGINE=InnoDB DEFAULT CHARSET=utf8 COLLATE=utf8_unicode_ci;

DROP TABLE IF EXISTS `craft_userpermissions`;


--
-- Schema for table `craft_userpermissions`
--
CREATE TABLE `craft_userpermissions` (
  `id` int(11) NOT NULL AUTO_INCREMENT,
  `name` varchar(255) COLLATE utf8_unicode_ci NOT NULL,
  `dateCreated` datetime NOT NULL,
  `dateUpdated` datetime NOT NULL,
  `uid` char(36) COLLATE utf8_unicode_ci NOT NULL DEFAULT '0',
  PRIMARY KEY (`id`),
  UNIQUE KEY `craft_userpermissions_name_unq_idx` (`name`)
) ENGINE=InnoDB DEFAULT CHARSET=utf8 COLLATE=utf8_unicode_ci;

DROP TABLE IF EXISTS `craft_userpermissions_usergroups`;


--
-- Schema for table `craft_userpermissions_usergroups`
--
CREATE TABLE `craft_userpermissions_usergroups` (
  `id` int(11) NOT NULL AUTO_INCREMENT,
  `permissionId` int(11) NOT NULL,
  `groupId` int(11) NOT NULL,
  `dateCreated` datetime NOT NULL,
  `dateUpdated` datetime NOT NULL,
  `uid` char(36) COLLATE utf8_unicode_ci NOT NULL DEFAULT '0',
  PRIMARY KEY (`id`),
  UNIQUE KEY `craft_userpermissions_usergroups_permissionId_groupId_unq_idx` (`permissionId`,`groupId`),
  KEY `craft_userpermissions_usergroups_groupId_fk` (`groupId`)
) ENGINE=InnoDB DEFAULT CHARSET=utf8 COLLATE=utf8_unicode_ci;

DROP TABLE IF EXISTS `craft_userpermissions_users`;


--
-- Schema for table `craft_userpermissions_users`
--
CREATE TABLE `craft_userpermissions_users` (
  `id` int(11) NOT NULL AUTO_INCREMENT,
  `permissionId` int(11) NOT NULL,
  `userId` int(11) NOT NULL,
  `dateCreated` datetime NOT NULL,
  `dateUpdated` datetime NOT NULL,
  `uid` char(36) COLLATE utf8_unicode_ci NOT NULL DEFAULT '0',
  PRIMARY KEY (`id`),
  UNIQUE KEY `craft_userpermissions_users_permissionId_userId_unq_idx` (`permissionId`,`userId`),
  KEY `craft_userpermissions_users_userId_fk` (`userId`)
) ENGINE=InnoDB DEFAULT CHARSET=utf8 COLLATE=utf8_unicode_ci;

DROP TABLE IF EXISTS `craft_users`;


--
-- Schema for table `craft_users`
--
CREATE TABLE `craft_users` (
  `id` int(11) NOT NULL,
  `username` varchar(100) COLLATE utf8_unicode_ci NOT NULL,
  `photo` varchar(100) COLLATE utf8_unicode_ci DEFAULT NULL,
  `firstName` varchar(100) COLLATE utf8_unicode_ci DEFAULT NULL,
  `lastName` varchar(100) COLLATE utf8_unicode_ci DEFAULT NULL,
  `email` varchar(255) COLLATE utf8_unicode_ci NOT NULL,
  `password` char(255) COLLATE utf8_unicode_ci DEFAULT NULL,
  `preferredLocale` char(12) COLLATE utf8_unicode_ci DEFAULT NULL,
  `weekStartDay` tinyint(1) unsigned NOT NULL DEFAULT '0',
  `admin` tinyint(1) unsigned NOT NULL DEFAULT '0',
  `client` tinyint(1) unsigned NOT NULL DEFAULT '0',
  `locked` tinyint(1) unsigned NOT NULL DEFAULT '0',
  `suspended` tinyint(1) unsigned NOT NULL DEFAULT '0',
  `pending` tinyint(1) unsigned NOT NULL DEFAULT '0',
  `archived` tinyint(1) unsigned NOT NULL DEFAULT '0',
  `lastLoginDate` datetime DEFAULT NULL,
  `lastLoginAttemptIPAddress` varchar(45) COLLATE utf8_unicode_ci DEFAULT NULL,
  `invalidLoginWindowStart` datetime DEFAULT NULL,
  `invalidLoginCount` tinyint(4) unsigned DEFAULT NULL,
  `lastInvalidLoginDate` datetime DEFAULT NULL,
  `lockoutDate` datetime DEFAULT NULL,
  `verificationCode` char(100) COLLATE utf8_unicode_ci DEFAULT NULL,
  `verificationCodeIssuedDate` datetime DEFAULT NULL,
  `unverifiedEmail` varchar(255) COLLATE utf8_unicode_ci DEFAULT NULL,
  `passwordResetRequired` tinyint(1) unsigned NOT NULL DEFAULT '0',
  `lastPasswordChangeDate` datetime DEFAULT NULL,
  `dateCreated` datetime NOT NULL,
  `dateUpdated` datetime NOT NULL,
  `uid` char(36) COLLATE utf8_unicode_ci NOT NULL DEFAULT '0',
  PRIMARY KEY (`id`),
  UNIQUE KEY `craft_users_username_unq_idx` (`username`),
  UNIQUE KEY `craft_users_email_unq_idx` (`email`),
  KEY `craft_users_verificationCode_idx` (`verificationCode`),
  KEY `craft_users_uid_idx` (`uid`),
  KEY `craft_users_preferredLocale_fk` (`preferredLocale`)
) ENGINE=InnoDB DEFAULT CHARSET=utf8 COLLATE=utf8_unicode_ci;

--
-- Data for table `craft_users`
--

INSERT INTO `craft_users` (`id`, `username`, `photo`, `firstName`, `lastName`, `email`, `password`, `preferredLocale`, `weekStartDay`, `admin`, `client`, `locked`, `suspended`, `pending`, `archived`, `lastLoginDate`, `lastLoginAttemptIPAddress`, `invalidLoginWindowStart`, `invalidLoginCount`, `lastInvalidLoginDate`, `lockoutDate`, `verificationCode`, `verificationCodeIssuedDate`, `unverifiedEmail`, `passwordResetRequired`, `lastPasswordChangeDate`, `dateCreated`, `dateUpdated`, `uid`) VALUES
 ('1', 'nhansen', 'movember.jpg', 'Nick', '', 'nhansen@blackfez.com', '$2y$13$83m80J8X8ijgTUhpZvEXTe.m.6XrZIPs0wTe4rl.f96mxmLDjbm9C', NULL, '0', '1', '0', '0', '0', '0', '0', '2017-05-03 11:41:20', '::1', NULL, NULL, NULL, NULL, NULL, NULL, NULL, '0', '2017-04-29 02:37:20', '2017-04-29 02:37:21', '2017-05-03 11:41:20', 'cf290e6d-553d-4fbd-a53b-6bad415ae677');



DROP TABLE IF EXISTS `craft_widgets`;


--
-- Schema for table `craft_widgets`
--
CREATE TABLE `craft_widgets` (
  `id` int(11) NOT NULL AUTO_INCREMENT,
  `userId` int(11) NOT NULL,
  `type` varchar(150) COLLATE utf8_unicode_ci NOT NULL,
  `sortOrder` smallint(6) unsigned DEFAULT NULL,
  `colspan` tinyint(4) unsigned DEFAULT NULL,
  `settings` text COLLATE utf8_unicode_ci,
  `enabled` tinyint(1) unsigned NOT NULL DEFAULT '1',
  `dateCreated` datetime NOT NULL,
  `dateUpdated` datetime NOT NULL,
  `uid` char(36) COLLATE utf8_unicode_ci NOT NULL DEFAULT '0',
  PRIMARY KEY (`id`),
  KEY `craft_widgets_userId_fk` (`userId`)
) ENGINE=InnoDB AUTO_INCREMENT=5 DEFAULT CHARSET=utf8 COLLATE=utf8_unicode_ci;

--
-- Data for table `craft_widgets`
--

INSERT INTO `craft_widgets` (`id`, `userId`, `type`, `sortOrder`, `colspan`, `settings`, `enabled`, `dateCreated`, `dateUpdated`, `uid`) VALUES
 ('1', '1', 'RecentEntries', '1', NULL, NULL, '1', '2017-04-29 02:37:27', '2017-04-29 02:37:27', '5b2b343d-2295-4444-a448-b1aa4c511220'),
 ('2', '1', 'GetHelp', '2', NULL, NULL, '1', '2017-04-29 02:37:27', '2017-04-29 02:37:27', '2597af95-5563-4bc0-b738-bcd1ccba3567'),
 ('3', '1', 'Updates', '3', NULL, NULL, '1', '2017-04-29 02:37:27', '2017-04-29 02:37:27', '50b4d948-9450-4c33-b872-35cfc96608d9'),
 ('4', '1', 'Feed', '4', NULL, '{\"url\":\"https:\\/\\/craftcms.com\\/news.rss\",\"title\":\"Craft News\"}', '1', '2017-04-29 02:37:27', '2017-04-29 02:37:27', '33ec92d2-3c0a-47c1-9209-9679ddab296a');


--
-- Constraints for tables
--


--
-- Constraints for table `craft_assetfiles`
--
ALTER TABLE `craft_assetfiles`
	ADD CONSTRAINT `craft_assetfiles_folderId_fk` FOREIGN KEY (`folderId`) REFERENCES `craft_assetfolders` (`id`) ON DELETE CASCADE,
	ADD CONSTRAINT `craft_assetfiles_id_fk` FOREIGN KEY (`id`) REFERENCES `craft_elements` (`id`) ON DELETE CASCADE,
	ADD CONSTRAINT `craft_assetfiles_sourceId_fk` FOREIGN KEY (`sourceId`) REFERENCES `craft_assetsources` (`id`) ON DELETE CASCADE;

--
-- Constraints for table `craft_assetfolders`
--
ALTER TABLE `craft_assetfolders`
	ADD CONSTRAINT `craft_assetfolders_parentId_fk` FOREIGN KEY (`parentId`) REFERENCES `craft_assetfolders` (`id`) ON DELETE CASCADE,
	ADD CONSTRAINT `craft_assetfolders_sourceId_fk` FOREIGN KEY (`sourceId`) REFERENCES `craft_assetsources` (`id`) ON DELETE CASCADE;

--
-- Constraints for table `craft_assetindexdata`
--
ALTER TABLE `craft_assetindexdata`
	ADD CONSTRAINT `craft_assetindexdata_sourceId_fk` FOREIGN KEY (`sourceId`) REFERENCES `craft_assetsources` (`id`) ON DELETE CASCADE;

--
-- Constraints for table `craft_assetsources`
--
ALTER TABLE `craft_assetsources`
	ADD CONSTRAINT `craft_assetsources_fieldLayoutId_fk` FOREIGN KEY (`fieldLayoutId`) REFERENCES `craft_fieldlayouts` (`id`) ON DELETE SET NULL;

--
-- Constraints for table `craft_categories`
--
ALTER TABLE `craft_categories`
	ADD CONSTRAINT `craft_categories_groupId_fk` FOREIGN KEY (`groupId`) REFERENCES `craft_categorygroups` (`id`) ON DELETE CASCADE,
	ADD CONSTRAINT `craft_categories_id_fk` FOREIGN KEY (`id`) REFERENCES `craft_elements` (`id`) ON DELETE CASCADE;

--
-- Constraints for table `craft_categorygroups`
--
ALTER TABLE `craft_categorygroups`
	ADD CONSTRAINT `craft_categorygroups_fieldLayoutId_fk` FOREIGN KEY (`fieldLayoutId`) REFERENCES `craft_fieldlayouts` (`id`) ON DELETE SET NULL,
	ADD CONSTRAINT `craft_categorygroups_structureId_fk` FOREIGN KEY (`structureId`) REFERENCES `craft_structures` (`id`) ON DELETE CASCADE;

--
-- Constraints for table `craft_categorygroups_i18n`
--
ALTER TABLE `craft_categorygroups_i18n`
	ADD CONSTRAINT `craft_categorygroups_i18n_groupId_fk` FOREIGN KEY (`groupId`) REFERENCES `craft_categorygroups` (`id`) ON DELETE CASCADE,
	ADD CONSTRAINT `craft_categorygroups_i18n_locale_fk` FOREIGN KEY (`locale`) REFERENCES `craft_locales` (`locale`) ON DELETE CASCADE ON UPDATE CASCADE;

--
-- Constraints for table `craft_content`
--
ALTER TABLE `craft_content`
	ADD CONSTRAINT `craft_content_elementId_fk` FOREIGN KEY (`elementId`) REFERENCES `craft_elements` (`id`) ON DELETE CASCADE,
	ADD CONSTRAINT `craft_content_locale_fk` FOREIGN KEY (`locale`) REFERENCES `craft_locales` (`locale`) ON DELETE CASCADE ON UPDATE CASCADE;

--
-- Constraints for table `craft_elements_i18n`
--
ALTER TABLE `craft_elements_i18n`
	ADD CONSTRAINT `craft_elements_i18n_elementId_fk` FOREIGN KEY (`elementId`) REFERENCES `craft_elements` (`id`) ON DELETE CASCADE,
	ADD CONSTRAINT `craft_elements_i18n_locale_fk` FOREIGN KEY (`locale`) REFERENCES `craft_locales` (`locale`) ON DELETE CASCADE ON UPDATE CASCADE;

--
-- Constraints for table `craft_emailmessages`
--
ALTER TABLE `craft_emailmessages`
	ADD CONSTRAINT `craft_emailmessages_locale_fk` FOREIGN KEY (`locale`) REFERENCES `craft_locales` (`locale`) ON DELETE CASCADE ON UPDATE CASCADE;

--
-- Constraints for table `craft_entries`
--
ALTER TABLE `craft_entries`
	ADD CONSTRAINT `craft_entries_authorId_fk` FOREIGN KEY (`authorId`) REFERENCES `craft_users` (`id`) ON DELETE CASCADE,
	ADD CONSTRAINT `craft_entries_id_fk` FOREIGN KEY (`id`) REFERENCES `craft_elements` (`id`) ON DELETE CASCADE,
	ADD CONSTRAINT `craft_entries_sectionId_fk` FOREIGN KEY (`sectionId`) REFERENCES `craft_sections` (`id`) ON DELETE CASCADE,
	ADD CONSTRAINT `craft_entries_typeId_fk` FOREIGN KEY (`typeId`) REFERENCES `craft_entrytypes` (`id`) ON DELETE CASCADE;

--
-- Constraints for table `craft_entrydrafts`
--
ALTER TABLE `craft_entrydrafts`
	ADD CONSTRAINT `craft_entrydrafts_creatorId_fk` FOREIGN KEY (`creatorId`) REFERENCES `craft_users` (`id`) ON DELETE CASCADE,
	ADD CONSTRAINT `craft_entrydrafts_entryId_fk` FOREIGN KEY (`entryId`) REFERENCES `craft_entries` (`id`) ON DELETE CASCADE,
	ADD CONSTRAINT `craft_entrydrafts_locale_fk` FOREIGN KEY (`locale`) REFERENCES `craft_locales` (`locale`) ON DELETE CASCADE ON UPDATE CASCADE,
	ADD CONSTRAINT `craft_entrydrafts_sectionId_fk` FOREIGN KEY (`sectionId`) REFERENCES `craft_sections` (`id`) ON DELETE CASCADE;

--
-- Constraints for table `craft_entrytypes`
--
ALTER TABLE `craft_entrytypes`
	ADD CONSTRAINT `craft_entrytypes_fieldLayoutId_fk` FOREIGN KEY (`fieldLayoutId`) REFERENCES `craft_fieldlayouts` (`id`) ON DELETE SET NULL,
	ADD CONSTRAINT `craft_entrytypes_sectionId_fk` FOREIGN KEY (`sectionId`) REFERENCES `craft_sections` (`id`) ON DELETE CASCADE;

--
-- Constraints for table `craft_entryversions`
--
ALTER TABLE `craft_entryversions`
	ADD CONSTRAINT `craft_entryversions_creatorId_fk` FOREIGN KEY (`creatorId`) REFERENCES `craft_users` (`id`) ON DELETE SET NULL,
	ADD CONSTRAINT `craft_entryversions_entryId_fk` FOREIGN KEY (`entryId`) REFERENCES `craft_entries` (`id`) ON DELETE CASCADE,
	ADD CONSTRAINT `craft_entryversions_locale_fk` FOREIGN KEY (`locale`) REFERENCES `craft_locales` (`locale`) ON DELETE CASCADE ON UPDATE CASCADE,
	ADD CONSTRAINT `craft_entryversions_sectionId_fk` FOREIGN KEY (`sectionId`) REFERENCES `craft_sections` (`id`) ON DELETE CASCADE;

--
-- Constraints for table `craft_fieldlayoutfields`
--
ALTER TABLE `craft_fieldlayoutfields`
	ADD CONSTRAINT `craft_fieldlayoutfields_fieldId_fk` FOREIGN KEY (`fieldId`) REFERENCES `craft_fields` (`id`) ON DELETE CASCADE,
	ADD CONSTRAINT `craft_fieldlayoutfields_layoutId_fk` FOREIGN KEY (`layoutId`) REFERENCES `craft_fieldlayouts` (`id`) ON DELETE CASCADE,
	ADD CONSTRAINT `craft_fieldlayoutfields_tabId_fk` FOREIGN KEY (`tabId`) REFERENCES `craft_fieldlayouttabs` (`id`) ON DELETE CASCADE;

--
-- Constraints for table `craft_fieldlayouttabs`
--
ALTER TABLE `craft_fieldlayouttabs`
	ADD CONSTRAINT `craft_fieldlayouttabs_layoutId_fk` FOREIGN KEY (`layoutId`) REFERENCES `craft_fieldlayouts` (`id`) ON DELETE CASCADE;

--
-- Constraints for table `craft_fields`
--
ALTER TABLE `craft_fields`
	ADD CONSTRAINT `craft_fields_groupId_fk` FOREIGN KEY (`groupId`) REFERENCES `craft_fieldgroups` (`id`) ON DELETE CASCADE;

--
-- Constraints for table `craft_globalsets`
--
ALTER TABLE `craft_globalsets`
	ADD CONSTRAINT `craft_globalsets_fieldLayoutId_fk` FOREIGN KEY (`fieldLayoutId`) REFERENCES `craft_fieldlayouts` (`id`) ON DELETE SET NULL,
	ADD CONSTRAINT `craft_globalsets_id_fk` FOREIGN KEY (`id`) REFERENCES `craft_elements` (`id`) ON DELETE CASCADE;

--
-- Constraints for table `craft_matrixblocks`
--
ALTER TABLE `craft_matrixblocks`
	ADD CONSTRAINT `craft_matrixblocks_fieldId_fk` FOREIGN KEY (`fieldId`) REFERENCES `craft_fields` (`id`) ON DELETE CASCADE,
	ADD CONSTRAINT `craft_matrixblocks_id_fk` FOREIGN KEY (`id`) REFERENCES `craft_elements` (`id`) ON DELETE CASCADE,
	ADD CONSTRAINT `craft_matrixblocks_ownerId_fk` FOREIGN KEY (`ownerId`) REFERENCES `craft_elements` (`id`) ON DELETE CASCADE,
	ADD CONSTRAINT `craft_matrixblocks_ownerLocale_fk` FOREIGN KEY (`ownerLocale`) REFERENCES `craft_locales` (`locale`) ON DELETE CASCADE ON UPDATE CASCADE,
	ADD CONSTRAINT `craft_matrixblocks_typeId_fk` FOREIGN KEY (`typeId`) REFERENCES `craft_matrixblocktypes` (`id`) ON DELETE CASCADE;

--
-- Constraints for table `craft_matrixblocktypes`
--
ALTER TABLE `craft_matrixblocktypes`
	ADD CONSTRAINT `craft_matrixblocktypes_fieldId_fk` FOREIGN KEY (`fieldId`) REFERENCES `craft_fields` (`id`) ON DELETE CASCADE,
	ADD CONSTRAINT `craft_matrixblocktypes_fieldLayoutId_fk` FOREIGN KEY (`fieldLayoutId`) REFERENCES `craft_fieldlayouts` (`id`) ON DELETE SET NULL;

--
-- Constraints for table `craft_migrations`
--
ALTER TABLE `craft_migrations`
	ADD CONSTRAINT `craft_migrations_pluginId_fk` FOREIGN KEY (`pluginId`) REFERENCES `craft_plugins` (`id`) ON DELETE CASCADE;

--
-- Constraints for table `craft_relations`
--
ALTER TABLE `craft_relations`
	ADD CONSTRAINT `craft_relations_fieldId_fk` FOREIGN KEY (`fieldId`) REFERENCES `craft_fields` (`id`) ON DELETE CASCADE,
	ADD CONSTRAINT `craft_relations_sourceId_fk` FOREIGN KEY (`sourceId`) REFERENCES `craft_elements` (`id`) ON DELETE CASCADE,
	ADD CONSTRAINT `craft_relations_sourceLocale_fk` FOREIGN KEY (`sourceLocale`) REFERENCES `craft_locales` (`locale`) ON DELETE CASCADE ON UPDATE CASCADE,
	ADD CONSTRAINT `craft_relations_targetId_fk` FOREIGN KEY (`targetId`) REFERENCES `craft_elements` (`id`) ON DELETE CASCADE;

--
-- Constraints for table `craft_routes`
--
ALTER TABLE `craft_routes`
	ADD CONSTRAINT `craft_routes_locale_fk` FOREIGN KEY (`locale`) REFERENCES `craft_locales` (`locale`) ON DELETE CASCADE ON UPDATE CASCADE;

--
-- Constraints for table `craft_sections`
--
ALTER TABLE `craft_sections`
	ADD CONSTRAINT `craft_sections_structureId_fk` FOREIGN KEY (`structureId`) REFERENCES `craft_structures` (`id`) ON DELETE SET NULL;

--
-- Constraints for table `craft_sections_i18n`
--
ALTER TABLE `craft_sections_i18n`
	ADD CONSTRAINT `craft_sections_i18n_locale_fk` FOREIGN KEY (`locale`) REFERENCES `craft_locales` (`locale`) ON DELETE CASCADE ON UPDATE CASCADE,
	ADD CONSTRAINT `craft_sections_i18n_sectionId_fk` FOREIGN KEY (`sectionId`) REFERENCES `craft_sections` (`id`) ON DELETE CASCADE;

--
-- Constraints for table `craft_sessions`
--
ALTER TABLE `craft_sessions`
	ADD CONSTRAINT `craft_sessions_userId_fk` FOREIGN KEY (`userId`) REFERENCES `craft_users` (`id`) ON DELETE CASCADE;

--
-- Constraints for table `craft_shunnedmessages`
--
ALTER TABLE `craft_shunnedmessages`
	ADD CONSTRAINT `craft_shunnedmessages_userId_fk` FOREIGN KEY (`userId`) REFERENCES `craft_users` (`id`) ON DELETE CASCADE;

--
-- Constraints for table `craft_structureelements`
--
ALTER TABLE `craft_structureelements`
	ADD CONSTRAINT `craft_structureelements_elementId_fk` FOREIGN KEY (`elementId`) REFERENCES `craft_elements` (`id`) ON DELETE CASCADE,
	ADD CONSTRAINT `craft_structureelements_structureId_fk` FOREIGN KEY (`structureId`) REFERENCES `craft_structures` (`id`) ON DELETE CASCADE;

--
-- Constraints for table `craft_taggroups`
--
ALTER TABLE `craft_taggroups`
	ADD CONSTRAINT `craft_taggroups_fieldLayoutId_fk` FOREIGN KEY (`fieldLayoutId`) REFERENCES `craft_fieldlayouts` (`id`) ON DELETE SET NULL;

--
-- Constraints for table `craft_tags`
--
ALTER TABLE `craft_tags`
	ADD CONSTRAINT `craft_tags_groupId_fk` FOREIGN KEY (`groupId`) REFERENCES `craft_taggroups` (`id`) ON DELETE CASCADE,
	ADD CONSTRAINT `craft_tags_id_fk` FOREIGN KEY (`id`) REFERENCES `craft_elements` (`id`) ON DELETE CASCADE;

--
-- Constraints for table `craft_templatecachecriteria`
--
ALTER TABLE `craft_templatecachecriteria`
	ADD CONSTRAINT `craft_templatecachecriteria_cacheId_fk` FOREIGN KEY (`cacheId`) REFERENCES `craft_templatecaches` (`id`) ON DELETE CASCADE;

--
-- Constraints for table `craft_templatecacheelements`
--
ALTER TABLE `craft_templatecacheelements`
	ADD CONSTRAINT `craft_templatecacheelements_cacheId_fk` FOREIGN KEY (`cacheId`) REFERENCES `craft_templatecaches` (`id`) ON DELETE CASCADE,
	ADD CONSTRAINT `craft_templatecacheelements_elementId_fk` FOREIGN KEY (`elementId`) REFERENCES `craft_elements` (`id`) ON DELETE CASCADE;

--
-- Constraints for table `craft_templatecaches`
--
ALTER TABLE `craft_templatecaches`
	ADD CONSTRAINT `craft_templatecaches_locale_fk` FOREIGN KEY (`locale`) REFERENCES `craft_locales` (`locale`) ON DELETE CASCADE ON UPDATE CASCADE;

--
-- Constraints for table `craft_usergroups_users`
--
ALTER TABLE `craft_usergroups_users`
	ADD CONSTRAINT `craft_usergroups_users_groupId_fk` FOREIGN KEY (`groupId`) REFERENCES `craft_usergroups` (`id`) ON DELETE CASCADE,
	ADD CONSTRAINT `craft_usergroups_users_userId_fk` FOREIGN KEY (`userId`) REFERENCES `craft_users` (`id`) ON DELETE CASCADE;

--
-- Constraints for table `craft_userpermissions_usergroups`
--
ALTER TABLE `craft_userpermissions_usergroups`
	ADD CONSTRAINT `craft_userpermissions_usergroups_groupId_fk` FOREIGN KEY (`groupId`) REFERENCES `craft_usergroups` (`id`) ON DELETE CASCADE,
	ADD CONSTRAINT `craft_userpermissions_usergroups_permissionId_fk` FOREIGN KEY (`permissionId`) REFERENCES `craft_userpermissions` (`id`) ON DELETE CASCADE;

--
-- Constraints for table `craft_userpermissions_users`
--
ALTER TABLE `craft_userpermissions_users`
	ADD CONSTRAINT `craft_userpermissions_users_permissionId_fk` FOREIGN KEY (`permissionId`) REFERENCES `craft_userpermissions` (`id`) ON DELETE CASCADE,
	ADD CONSTRAINT `craft_userpermissions_users_userId_fk` FOREIGN KEY (`userId`) REFERENCES `craft_users` (`id`) ON DELETE CASCADE;

--
-- Constraints for table `craft_users`
--
ALTER TABLE `craft_users`
	ADD CONSTRAINT `craft_users_id_fk` FOREIGN KEY (`id`) REFERENCES `craft_elements` (`id`) ON DELETE CASCADE,
	ADD CONSTRAINT `craft_users_preferredLocale_fk` FOREIGN KEY (`preferredLocale`) REFERENCES `craft_locales` (`locale`) ON DELETE SET NULL ON UPDATE CASCADE;

--
-- Constraints for table `craft_widgets`
--
ALTER TABLE `craft_widgets`
	ADD CONSTRAINT `craft_widgets_userId_fk` FOREIGN KEY (`userId`) REFERENCES `craft_users` (`id`) ON DELETE CASCADE;

SET FOREIGN_KEY_CHECKS = 1;
